Rank,"RepFirst","RepLast","DistrictNumber",61,"118th Sponsor Score","Total Voting Score","totalScore","Bush/Tlaib
Ceasefire Now resolution","McCollum
Palestinian 
rights resolution",Require report on Israel's murder of Shireen Abu Akleh,Omar ban on sending precision-guided bombs to Israel resolution ,Tlaib recognizing ongoing Nakba resolution (2023),Tlaib recognizing ongoing Nakba resolution (2024),"Discharge petition for $95B Israel, Ukraine, Taiwan funding",Anti-BDS product labeling legislation that rejects the State of Palestine's existence,Ban State Department from citing Palestinian death tolls from the Gaza Health Ministry,Sanction the ICC for Netanyahu warrant,Ban any withholding or reversal of weapons to Israel,"Codify IHRA definition of antisemitism (""anti-zionism is antisemitism"")",$14 billion in weapons to Israel,Rules package for Israel/Ukraine/Taiwain aid + Russian/Iran sanctions + TikTok ban,Resolution standing with Israel against Iran + promising more military aid,"Condemn ""from the river to the sea"" as antisemitic","Expanded sanctions on alleged Palestinian use of ""human shields"" ","Allow Secretary of Treasury to unilaterally designate and terminate tax-exempt status of ""terrorist supporting organizations"" (targeting pro-Palestine groups)",Spending bill that cuts UNRWA funding,One-sided resolution only condemning Hamas for alleged sexual violence,$17.6 billion to Israel,Ban PLO members from entering the U.S.,"Condemning testimony of Harvard, UPenn, MIT's presidents","Require other countries to disclose ""any affiliation"" to ""terrorist"" groups (targeting Palestine)","IHRA definition of antisemitism + ""anti-zionism is antisemitism""",Declaring that only Hamas's unconditional surrender can save civilian lives,Affirming Israel's right to exist + denying that right is antisemitism,Ban funds for colleges with events that violate the pro-Israel IHRA definition of antisemitism ,"Resolution condemning Tlaib saying ""from the river to the sea""",Condemning pro-Palestine college students,Cut IRS budget for $14 billion in unconditional Israel aid,Sanction alleged financial backers of Palestinian militant groups,Meeks/McCaul anti-Palestinian resolution,Prohibit moving Jerusalem embassy,"Pro-Israel resolution declaring it 
not a racist or apartheid nation","Strengthen Abraham Accords with ""Special Envoy"" position",Support Abraham Accords,Iron Dome funding,Unconditional aid to Israel,Supporting 2016 MOU with Israel,Anti-BDS,"Pro-Israel resolution criticizing 
UN's position",Anti-Palestinian state,"Statement condeming Tlaib saying ""from the river to the sea""","Bipartisan anti-de-
escalation letter",,"Total Pro-Israel $$$ 
(negative amount = spending against incumbent)","AIPAC contributions
(direct + bundled from other donors)","AIPAC's ""United Democracy Project"" IE spending 
(for candidate + against opponent)",DMFI Contributions ,"DMFI IE Spending 
(for candidate + against opponent)","JVP-
endorsed (2022)","J Street-
endorsed (2022)","DMFI-
endorsed (2022)","AIPAC-
endorsed (2022)"
,,,,,,,,2023-2025,2023-2025,2023-2025,2023-2025,2023-2025,2023-2025,2023-2025,9/18/2024,6/27/2024,6/4/2024,5/16/2024,5/1/2024,4/20/2024,4/19/2024,4/17/2024,4/16/2024,4/16/2024,4/15/2024,3/22/2024,2/14/2024,2/6/2024,1/31/2024,12/13/2023,12/6/2023,12/5/2023,11/30/2023,11/28/2023,11/15/2023,11/7/2023,11/2/2023,11/2/2023,11/1/2023,10/25/2023,9/28/2023,7/18/2023,6/13/2023,4/25/2023,9/23/2021,7/28/2021,12/6/2019,7/23/2019,1/5/2017,7/7/2011,11/7/2023,10/16/2023,,,,,,,,,,
1,Rashida,Tlaib,MI-12,YES - signed reso,100%,97%,98%,Sponsor,Sponsor,Sponsor,Sponsor,Sponsor,Sponsor,Not signed,No,No,Not voting,No,No,No,No,No,No,No,No,No,Present,No,No,No,No,No,No,Present,No,No,No,No,No,No,No,No,No,No,No,No,No,No,Not elected,Not elected,Non-Signatory,Non-Signatory,,$0 ,,,,,Yes,,,
2,Cori,Bush,MO-01,YES - signed reso,100%,97%,97%,Sponsor,Sponsor,Sponsor,Sponsor,Sponsor,Sponsor,Not signed,No,Not voting,No,No,No,No,No,No,No,No,No,No,Yes,No,No,No,No,No,No,Not voting,No,No,No,No,No,No,Not voting,No,No,No,No,No,Not elected,Not elected,Not elected,Not elected,Non-Signatory,Non-Signatory,,$0 ,,,,,Yes,,,
3,Ilhan,Omar,MN-05,YES - signed reso,100%,91%,93%,Sponsor,Sponsor,Sponsor,Sponsor,Sponsor,Sponsor,Not signed,No,No,No,No,No,No,No,No,No,No,No,No,Not voting,No,Yes,No,No,No,No,Yes,No,No,No,No,No,No,No,No,No,No,No,Yes,No,No,Not elected,Not elected,Non-Signatory,Non-Signatory,,$0 ,,,,,Yes,,,
4,Summer,Lee,PA-12,YES - signed reso,71%,87%,83%,Sponsor,Sponsor,Not sponsoring,Sponsor,Not sponsoring,Sponsor,Not signed,No,No,No,No,No,No,No,No,No,Yes,No,No,Yes,No,Yes,No,No,No,No,Yes,No,No,No,No,No,No,No,No,No,No,Not elected,Not elected,Not elected,Not elected,Not elected,Not elected,Non-Signatory,Non-Signatory,,"($5,099,105)","($699,642)","($3,924,473)","($2,000.00)","($472,990.00)",,Yes,,
5,Alexandria,Ocasio-Cortez,NY-14,YES - signed reso,71%,86%,83%,Sponsor,Sponsor,Not sponsoring,Sponsor,Sponsor,Not sponsoring,Not signed,No,No,No,No,No,No,No,No,No,Yes,No,No,Yes,No,Yes,No,No,No,Not voting,Yes,No,No,No,No,No,No,No,No,No,No,Present,No,No,No,Not elected,Not elected,Non-Signatory,Non-Signatory,,$0 ,,,,,Yes,,,
6,Delia,Ramirez,IL-03,YES - signed reso,57%,88%,81%,Sponsor,Sponsor,Not sponsoring,Sponsor,Not sponsoring,Not sponsoring,Not signed,No,No,No,No,No,No,No,No,No,Yes,No,No,Yes,No,Present,No,No,No,No,Yes,No,No,No,No,No,No,No,No,No,No,Not elected,Not elected,Not elected,Not elected,Not elected,Not elected,Non-Signatory,Non-Signatory,,"($157,223)",,,,"($157,223.00)",,Yes,,
7,Ayanna,Pressley,MA-07,YES - signed reso,71%,80%,78%,Sponsor,Sponsor,Sponsor,Not sponsoring,Not sponsoring,Sponsor,Not signed,No,No,No,No,No,No,No,No,No,Yes,No,Not voting,Yes,No,Yes,No,No,No,No,Yes,No,No,No,No,No,Present,No,No,No,No,No,Yes,No,Yes,Not elected,Not elected,Non-Signatory,Non-Signatory,,$0 ,,,,,,,,
8,Jamaal,Bowman,NY-16,YES - signed reso,57%,80%,74%,Sponsor,Sponsor,Not sponsoring,Not sponsoring,Sponsor,Not sponsoring,Not signed,No,Not voting,Not voting,No,No,No,No,No,No,Yes,No,No,Yes,No,Yes,No,No,No,No,Yes,No,No,No,No,No,No,No,No,No,No,Yes,Yes,Not elected,Not elected,Not elected,Not elected,Non-Signatory,Non-Signatory,,"($1,566,038)",,,"($2,000.00)","($1,564,038.00)",,Yes,,
9,"Jesús ""Chuy""",García,IL-04,YES - signed reso,57%,76%,72%,Sponsor,Sponsor,Sponsor,Not sponsoring,Not sponsoring,Not sponsoring,Not signed,No,No,No,No,No,No,No,Yes,No,Yes,No,No,Yes,No,Yes,No,No,No,No,Yes,No,No,No,No,No,Present,No,Yes,No,No,No,Yes,Present,No,Not elected,Not elected,Non-Signatory,Non-Signatory,,$0 ,,,,,Yes,Yes,,
10,André,Carson,IN-07,YES - signed reso,71%,66%,67%,Sponsor,Sponsor,Sponsor,Not sponsoring,Not sponsoring,Sponsor,Not signed,No,No,No,Not voting,No,No,No,Yes,No,Yes,Yes,No,Yes,No,Yes,No,No,Present,Yes,Yes,Yes,No,No,No,No,No,No,No,Yes,No,No,Yes,Yes,No,No,Present,Non-Signatory,Non-Signatory,,$0 ,,,,,Yes,Yes,,
11,Pramila,Jayapal,WA-07,YES - signed reso,57%,67%,65%,Sponsor,Sponsor,Sponsor,Not sponsoring,Not sponsoring,Not sponsoring,Not signed,No,No,No,No,No,No,No,No,No,Yes,Yes,No,Yes,No,Yes,No,No,No,Yes,Yes,No,No,No,No,No,Present,No,Yes,Yes,No,Yes,Yes,Yes,No,No,Not elected,Non-Signatory,Non-Signatory,,$0 ,,,,,Yes,Yes,,
12,Greg,Casar,TX-35,YES - signed reso,57%,67%,64%,Sponsor,Sponsor,Sponsor,Not sponsoring,Not sponsoring,Not sponsoring,Not signed,No,No,No,No,No,No,No,No,No,Yes,Yes,No,Yes,No,Yes,No,No,Present,No,Yes,No,No,Yes,No,No,Present,No,Yes,Yes,Yes,Not elected,Not elected,Not elected,Not elected,Not elected,Not elected,Non-Signatory,Non-Signatory,,$0 ,,,,,,Yes,,
13,Barbara,Lee,CA-12,YES - signed reso,57%,62%,61%,Sponsor,Sponsor,Sponsor,Not sponsoring,Not sponsoring,Not sponsoring,Not signed,No,No,No,No,No,No,No,No,No,Yes,Yes,No,Yes,No,Yes,No,No,Present,Yes,Not voting,No,No,Yes,No,No,Yes,No,Yes,Yes,Not voting,Yes,Yes,Yes,No,No,Present,Non-Signatory,Non-Signatory,,$0 ,,,,,,Yes,,
14,Jonathan,Jackson,IL-01,YES - signed reso,29%,60%,52%,Sponsor,Sponsor,Not sponsoring,Not sponsoring,Not sponsoring,Not sponsoring,Signed,No,Yes,No,No,No,No,No,No,No,Yes,Yes,No,Yes,No,Yes,No,No,Present,Yes,Yes,No,No,No,No,No,Yes,Yes,Not voting,Yes,Yes,Not elected,Not elected,Not elected,Not elected,Not elected,Not elected,Non-Signatory,Non-Signatory,,"$20,800 ","$20,800 ",,,,,,,
15,Mark,Pocan,WI-02,YES - not on reso,43%,54%,52%,Not sponsoring,Sponsor,Sponsor,Not sponsoring,Not sponsoring,Not sponsoring,Not signed,No,Not voting,No,No,No,No,No,Yes,No,Yes,Yes,Yes,Yes,No,Yes,No,No,Present,Yes,Yes,No,No,Yes,No,No,Yes,No,Yes,Yes,No,Yes,Yes,Yes,No,No,Not elected,Non-Signatory,Non-Signatory,,$0 ,,,,,Yes,Yes,,
16,Raúl,Grijalva,AZ-07,YES - not on reso,43%,54%,51%,Not sponsoring,Sponsor,Sponsor,Not sponsoring,Not sponsoring,Not sponsoring,Not signed,Not voting,Not voting,Not voting,Not voting,Not voting,Not voting,Not voting,Not voting,Not voting,Not voting,Not voting,Not voting,Yes,No,Yes,No,No,No,Yes,Yes,No,No,Yes,No,No,Yes,No,Yes,Yes,No,No,Yes,Yes,No,No,Yes,Non-Signatory,Non-Signatory,,$0 ,,,,,Yes,Yes,,
17,Betty,McCollum,MN-04,YES - not on reso,43%,53%,50%,Not sponsoring,Sponsor,Sponsor,Not sponsoring,Sponsor,Not sponsoring,Signed,No,No,No,No,No,Yes,Yes,Yes,Yes,Yes,Yes,Yes,Yes,No,Yes,No,No,Present,Yes,Yes,No,No,Yes,No,No,Yes,No,Present,No,No,Yes,Yes,Present,No,No,Present,Non-Signatory,Non-Signatory,,$0 ,,,,,Yes,Yes,,
18,Maxwell,Frost,FL-10,YES - signed reso,29%,57%,50%,Sponsor,Not sponsoring,Not sponsoring,Not sponsoring,Not sponsoring,Not sponsoring,Not signed,No,No,No,No,No,No,No,Yes,No,Yes,Yes,No,Yes,No,Yes,No,No,Yes,Yes,Yes,Yes,No,No,No,No,Yes,No,Yes,Yes,Yes,Not elected,Not elected,Not elected,Not elected,Not elected,Not elected,Non-Signatory,Non-Signatory,,$0 ,,,,,,,,
19,Bonnie,Watson Coleman,NJ-12,YES - signed reso,43%,50%,48%,Sponsor,Sponsor,Sponsor,Not sponsoring,Not sponsoring,Not sponsoring,Signed,No,Not voting,Not voting,No,No,No,No,Yes,No,Yes,Yes,Yes,Yes,No,Yes,No,No,No,Yes,Yes,No,No,No,No,Yes,Yes,Yes,Yes,Yes,Not voting,Yes,Yes,Yes,No,No,Not elected,Non-Signatory,Non-Signatory,,$0 ,,,,,,Yes,,
20,Nydia,Velázquez,NY-07,YES - signed reso,29%,53%,47%,Sponsor,Not sponsoring,Not sponsoring,Not sponsoring,Not sponsoring,Not sponsoring,Not signed,No,No,No,No,No,No,Yes,Yes,No,Yes,Yes,No,Yes,No,Yes,No,No,Present,Yes,Yes,No,No,No,No,No,Present,No,Yes,Yes,No,Yes,Yes,Yes,Yes,Yes,Yes,Non-Signatory,Non-Signatory,,$0 ,,,,,,Yes,,
21,Hank,Johnson,GA-04,YES - signed reso,29%,50%,45%,Sponsor,Not sponsoring,Sponsor,Not sponsoring,Not sponsoring,Not sponsoring,Signed,No,No,No,No,No,No,Yes,No,No,Yes,Yes,Yes,Yes,No,Yes,No,Not voting,Present,Yes,Yes,No,No,Yes,No,Yes,Yes,No,Yes,Yes,No,Present,Yes,Yes,Present,No,Yes,Non-Signatory,Non-Signatory,,$0 ,,,,,,Yes,,
22,Maxine,Waters,CA-43,YES - not on reso,14%,51%,42%,Not sponsoring,Not sponsoring,Sponsor,Not sponsoring,Not sponsoring,Not sponsoring,Signed,No,No,No,No,No,No,No,Yes,No,Yes,Not voting,Yes,Yes,No,Yes,No,No,Present,Yes,Yes,Yes,No,No,No,No,Yes,No,Yes,Yes,Yes,Yes,Yes,Yes,Yes,No,Present,Non-Signatory,Non-Signatory,,$0 ,,,,,,,,
23,Jim,McGovern,MA-02,YES - not on reso,29%,46%,42%,Not sponsoring,Sponsor,Sponsor,Not sponsoring,Not sponsoring,Not sponsoring,Signed,No,No,No,No,No,No,Yes,Yes,No,Yes,Yes,No,Yes,No,Yes,No,Yes,Present,Yes,Yes,Yes,No,No,No,No,Yes,No,Yes,Yes,Yes,Yes,Yes,Yes,Yes,No,Yes,Non-Signatory,Non-Signatory,,$0 ,,,,,,Yes,,
24,Mark,DeSaulnier,CA-10,YES - not on reso,14%,50%,41%,Not sponsoring,Sponsor,Not sponsoring,Not sponsoring,Not sponsoring,Not sponsoring,Signed,No,No,No,No,No,No,No,Yes,No,Yes,Yes,Yes,Yes,No,Yes,No,No,Present,Yes,Yes,Yes,No,Not voting,Not voting,No,Yes,No,Yes,Yes,No,Yes,Yes,Yes,Yes,No,Not elected,Non-Signatory,Non-Signatory,,$0 ,,,,,,Yes,,
24,Chellie,Pingree,ME-01,YES - not on reso,14%,50%,41%,Not sponsoring,Sponsor,Not sponsoring,Not sponsoring,Not sponsoring,Not sponsoring,Signed,No,No,No,No,No,No,No,Yes,No,Yes,Yes,Yes,Yes,No,Yes,No,No,Present,Yes,Yes,No,No,Yes,No,Yes,Yes,No,Yes,Yes,Yes,Yes,Yes,Yes,No,No,Present,Non-Signatory,Non-Signatory,,$0 ,,,,,,Yes,,
24,Joaquin,Castro,TX-20,YES - not on reso,14%,50%,41%,Not sponsoring,Not sponsoring,Not sponsoring,Not sponsoring,Not sponsoring,Not sponsoring,Not signed,No,No,No,No,No,No,Not voting,Yes,Not voting,Yes,Yes,No,Yes,No,Yes,No,No,Present,Yes,Yes,Yes,No,Not voting,No,No,Present,No,Yes,Yes,Yes,Yes,Yes,Yes,Yes,No,Not elected,Non-Signatory,Non-Signatory,,$0 ,,,,,,Yes,,
27,Don,Beyer,VA-08,YES - not on reso,29%,44%,40%,Not sponsoring,Sponsor,Sponsor,Not sponsoring,Not sponsoring,Not sponsoring,Signed,No,No,No,No,No,No,Yes,Yes,No,Yes,Yes,Yes,Yes,No,Yes,No,No,Present,Yes,Yes,No,No,Yes,No,Yes,Yes,No,Yes,Yes,Yes,Yes,Yes,Yes,Yes,No,Not elected,Non-Signatory,Non-Signatory,,$0 ,,,,,,Yes,,
28,Becca,Balint,VT-AL,YES - not on reso,0%,53%,40%,Not sponsoring,Not sponsoring,Not sponsoring,Not sponsoring,Not sponsoring,Not sponsoring,Signed,No,No,No,No,No,No,No,Yes,No,Yes,Yes,No,Yes,No,Yes,No,Not voting,Present,Yes,Yes,No,No,Yes,No,No,Yes,Yes,Yes,Yes,Yes,Not elected,Not elected,Not elected,Not elected,Not elected,Not elected,Non-Signatory,Non-Signatory,,$0 ,,,,,,Yes,,
29,Earl,Blumenauer,OR-03,Says ceasefire=pause,14%,49%,40%,Not sponsoring,Sponsor,Not sponsoring,Not sponsoring,Not sponsoring,Not sponsoring,Signed,No,No,No,No,No,No,Yes,Yes,Yes,Yes,Yes,Yes,Yes,No,Yes,No,No,Present,Yes,Yes,Yes,No,No,No,No,Yes,No,Yes,Yes,Yes,Yes,Yes,Yes,No,No,No,Non-Signatory,Non-Signatory,,$0 ,,,,,,Yes,,
30,Gwen,Moore,WI-04,"""Prioritize moving toward a humanitarian ceasefire"" and ousting Hamas",0%,50%,38%,Not sponsoring,Not sponsoring,Not sponsoring,Not sponsoring,Not sponsoring,Not sponsoring,Signed,No,No,No,No,No,Yes,Yes,Yes,No,Yes,Not voting,No,Yes,No,Yes,No,Yes,Present,Not voting,Yes,No,No,Yes,No,No,Yes,No,Yes,Yes,Yes,Yes,Yes,Yes,No,No,Present,Non-Signatory,Non-Signatory,,$0 ,,,,,,Yes,,
31,Judy,Chu,CA-28,Only if Hamas ousted,14%,44%,37%,Not sponsoring,Sponsor,Not sponsoring,Not sponsoring,Not sponsoring,Not sponsoring,Signed,No,No,No,No,Yes,No,Yes,Yes,No,Yes,Yes,Yes,Not voting,No,Yes,No,No,Present,Yes,Yes,No,No,Yes,No,No,Yes,No,Yes,Yes,Yes,Yes,Yes,Yes,Yes,No,Yes,Non-Signatory,Non-Signatory,,$0 ,,,,,,Yes,,
32,Jill,Tokuda,HI-02,,0%,48%,36%,Not sponsoring,Not sponsoring,Not sponsoring,Not sponsoring,Not sponsoring,Not sponsoring,Signed,No,No,No,No,No,No,Yes,Yes,No,Yes,Yes,Yes,Yes,No,Yes,No,No,Present,Yes,Yes,No,No,Yes,No,No,Yes,Yes,Yes,Yes,Yes,Not elected,Not elected,Not elected,Not elected,Not elected,Not elected,Non-Signatory,Signatory,,"$18,500 ","$18,500 ",,,,,,,
33,Jared,Huffman,CA-02,Only if Hamas ousted,14%,40%,33%,Not sponsoring,Sponsor,Not sponsoring,Not sponsoring,Not sponsoring,Not sponsoring,Signed,No,No,No,No,Yes,Yes,Yes,Yes,No,Yes,Not voting,Yes,Yes,No,Yes,No,Yes,Yes,Yes,Yes,Yes,No,Yes,No,No,Yes,No,Yes,Yes,No,Yes,Yes,Yes,Present,No,Not elected,Signatory,Non-Signatory,,$0 ,,,,,,Yes,,
34,Al,Green,TX-09,YES - not on reso,0%,44%,33%,Not sponsoring,Not sponsoring,Not sponsoring,Not sponsoring,Not sponsoring,Not sponsoring,Signed,No,No,No,No,No,No,Yes,Yes,No,Yes,Not voting,Yes,Yes,No,Yes,No,Yes,Present,No,Yes,No,No,Yes,No,Yes,No,Yes,Yes,Yes,Yes,Yes,Yes,Yes,Yes,No,Yes,Non-Signatory,Non-Signatory,,$0 ,,,,,,Yes,,
35,Sydney,Kamlager-Dove,CA-37,,0%,43%,32%,Not sponsoring,Not sponsoring,Not sponsoring,Not sponsoring,Not sponsoring,Not sponsoring,Signed,No,No,No,No,Yes,Yes,No,Yes,No,Yes,Not voting,Yes,Yes,No,Yes,No,Yes,Present,Yes,Yes,No,No,Yes,No,No,Yes,Yes,Yes,Yes,Yes,Not elected,Not elected,Not elected,Not elected,Not elected,Not elected,Non-Signatory,Non-Signatory,,"$238,783 ","$5,500 ",,"$2,000.00 ","$231,283.00 ",,Yes,Yes,
36,Mark,Takano,CA-39,YES - not on reso,0%,43%,32%,Not sponsoring,Not sponsoring,Not sponsoring,Not sponsoring,Not sponsoring,Not sponsoring,Signed,Not voting,No,No,No,No,No,Yes,Yes,Yes,Yes,Yes,Yes,Yes,No,Yes,No,No,Present,Yes,Yes,No,No,No,No,No,Yes,Yes,Yes,Yes,Yes,Yes,Yes,Yes,Yes,No,Not elected,Non-Signatory,Non-Signatory,,$0 ,,,,,,Yes,,
36,Lauren,Underwood,IL-14,YES - not on reso,0%,43%,32%,Not sponsoring,Not sponsoring,Not sponsoring,Not sponsoring,Not sponsoring,Not sponsoring,Signed,No,No,No,No,No,Yes,No,Yes,No,Yes,Yes,Yes,Yes,No,Yes,No,Yes,Present,Yes,Yes,Yes,No,No,No,No,Yes,No,Yes,Yes,Yes,Yes,Yes,Yes,Yes,Not elected,Not elected,Non-Signatory,Non-Signatory,,"$2,000 ",,,"$2,000.00 ",,,,,
38,Sara,Jacobs,CA-51,YES - not on reso,0%,42%,32%,Not sponsoring,Not sponsoring,Not sponsoring,Not sponsoring,Not sponsoring,Not sponsoring,Signed,No,No,No,No,No,Yes,Yes,Yes,No,Yes,Yes,Yes,Yes,No,Yes,No,Yes,Present,Yes,Yes,No,No,Yes,No,No,Yes,No,Yes,Yes,Yes,Yes,Yes,Not elected,Not elected,Not elected,Not elected,Non-Signatory,Non-Signatory,,"($471,343)",,,"($5,000.00)","($466,343.00)",,Yes,,
39,Danny,Davis,IL-07,Says ceasefire=pause,14%,37%,31%,Not sponsoring,Sponsor,Not sponsoring,Not sponsoring,Not sponsoring,Not sponsoring,Signed,No,No,No,Not voting,No,Yes,No,Yes,No,Yes,Yes,Yes,Yes,No,Yes,No,Yes,Present,Yes,Yes,Yes,No,Yes,No,Yes,Yes,No,Yes,Yes,Yes,Yes,Yes,Yes,Present,No,Yes,Signatory,Non-Signatory,,$0 ,,,,,,Yes,,
40,Ro,Khanna,CA-17,YES - not on reso,14%,37%,31%,Not sponsoring,Not sponsoring,Not sponsoring,Not sponsoring,Not sponsoring,Not sponsoring,Not signed,No,No,No,Not voting,No,No,No,Yes,Yes,Yes,Yes,No,Yes,No,Yes,No,Yes,Present,Yes,Yes,Yes,No,Yes,No,Yes,Yes,No,Yes,Yes,Yes,Yes,Yes,Yes,Yes,Yes,Not elected,Non-Signatory,Non-Signatory,,$0 ,,,,,,Yes,,
41,Valerie,Foushee,NC-04,YES - not on reso,0%,41%,31%,Not sponsoring,Not sponsoring,Not sponsoring,Not sponsoring,Not sponsoring,Not sponsoring,Signed,No,No,No,No,No,Yes,Yes,Yes,No,Yes,Yes,Yes,Yes,No,Yes,No,No,Not voting,Yes,Yes,Yes,No,Yes,No,No,Yes,Yes,Yes,Yes,Yes,Not elected,Not elected,Not elected,Not elected,Not elected,Not elected,Non-Signatory,Non-Signatory,,"$2,891,619 ","$471,294 ","$2,128,194 ","$2,000.00 ","$290,131.00 ",,,Yes,Yes
42,Jan,Schakowsky,IL-09,YES - not on reso,0%,40%,30%,Not sponsoring,Not sponsoring,Not sponsoring,Not sponsoring,Not sponsoring,Not sponsoring,Signed,No,No,No,No,No,Yes,Yes,Yes,No,Yes,No,Yes,Yes,No,Yes,No,Yes,Present,Yes,Yes,No,No,Yes,No,No,Yes,Yes,Yes,Yes,Yes,Yes,Yes,Yes,Yes,No,Yes,Non-Signatory,Non-Signatory,,$0 ,,,,,,Yes,,
43,Debbie,Dingell,MI-06,YES - not on reso,0%,40%,30%,Not sponsoring,Not sponsoring,Not sponsoring,Not sponsoring,Not sponsoring,Not sponsoring,Signed,No,No,No,No,Yes,Not voting,No,Yes,No,Yes,Yes,Yes,Yes,No,Yes,No,Yes,Present,Yes,Yes,Yes,No,Yes,No,Yes,Yes,No,Yes,Yes,Yes,Yes,Yes,Yes,No,No,Not elected,Non-Signatory,Non-Signatory,,$0 ,,,,,,Yes,,
43,Lloyd,Doggett,TX-37,YES - not on reso,0%,40%,30%,Not sponsoring,Not sponsoring,Not sponsoring,Not sponsoring,Not sponsoring,Not sponsoring,Signed,No,No,Not voting,No,No,No,No,Yes,Yes,Yes,Not voting,Yes,Yes,No,Yes,No,No,Present,Yes,Yes,Yes,No,Yes,No,Yes,Yes,No,Yes,Yes,Yes,Yes,Yes,Yes,Yes,No,Yes,Signatory,Non-Signatory,,$0 ,,,,,,Yes,,
45,Nikema,Williams,GA-05,YES - not on reso,0%,39%,29%,Not sponsoring,Not sponsoring,Not sponsoring,Not sponsoring,Not sponsoring,Not sponsoring,Signed,No,No,No,No,No,Yes,No,Yes,Yes,Yes,Yes,Yes,Yes,No,Yes,No,No,Present,Yes,Yes,No,No,Yes,No,Yes,Yes,Yes,Yes,Yes,Yes,Yes,Yes,Not elected,Not elected,Not elected,Not elected,Non-Signatory,Non-Signatory,,"$27,500 ","$27,500 ",,,,,,,Yes
45,Veronica,Escobar,TX-16,YES - not on reso,0%,39%,29%,Not sponsoring,Not sponsoring,Not sponsoring,Not sponsoring,Not sponsoring,Not sponsoring,Signed,No,No,No,No,Yes,Yes,No,Yes,No,Yes,Yes,Yes,Yes,No,Yes,No,Not voting,Present,Yes,Yes,Not voting,No,Yes,No,No,Yes,No,Yes,Yes,Yes,Yes,Yes,Yes,Yes,Not elected,Not elected,Non-Signatory,Non-Signatory,,"$11,610 ","$11,610 ",,,,,Yes,,Yes
47,Paul,Tonko,NY-20,YES - not on reso,29%,29%,29%,Not sponsoring,Sponsor,Sponsor,Not sponsoring,Not sponsoring,Not sponsoring,Signed,No,No,No,No,Yes,Yes,Yes,Yes,Yes,Yes,Yes,Yes,Yes,No,Yes,No,Yes,Present,Yes,Yes,Yes,No,Yes,No,Yes,Yes,No,Yes,Yes,Yes,Yes,Yes,Yes,Yes,No,Yes,Non-Signatory,Non-Signatory,,$0 ,,,,,,Yes,,
48,Gabe,Amo,RI-01,OPPOSES,0%,38%,29%,Not sponsoring,Not sponsoring,Not sponsoring,Not sponsoring,Not sponsoring,Not sponsoring,Signed,No,No,No,No,No,Yes,Yes,Yes,Yes,Yes,Yes,Yes,Yes,No,Yes,No,Yes,Yes,Yes,Yes,No,Not elected,Not elected,Not elected,Not elected,Not elected,Not elected,Not elected,Not elected,Not elected,Not elected,Not elected,Not elected,Not elected,Not elected,Not elected,Not elected,Not elected,,,,,,,,,Yes,
49,Tony,Cárdenas,CA-29,YES - not on reso,0%,38%,28%,Not sponsoring,Not sponsoring,Not sponsoring,Not sponsoring,Not sponsoring,Not sponsoring,Signed,No,No,No,No,No,Yes,Yes,Yes,Not voting,Yes,Yes,Not voting,Yes,No,Yes,No,Yes,Present,Yes,Yes,No,No,Yes,No,No,Yes,No,Yes,Yes,Yes,Yes,Yes,Yes,Yes,Yes,Not elected,Non-Signatory,Non-Signatory,,"$108,550 ","$108,550 ",,,,,,Yes,Yes
50,Robert,Garcia,CA-42,YES - not on reso,0%,38%,28%,Not sponsoring,Not sponsoring,Not sponsoring,Not sponsoring,Not sponsoring,Not sponsoring,Signed,No,Not voting,No,No,Not voting,Yes,No,Yes,No,Yes,Yes,Yes,Yes,No,Yes,Yes,Yes,Present,Yes,Yes,Yes,No,Yes,No,No,Yes,No,Yes,Yes,Yes,Not elected,Not elected,Not elected,Not elected,Not elected,Not elected,Non-Signatory,Non-Signatory,,"$585,594 ","$68,506 ","$515,088 ","$2,000.00 ",,,,Yes,Yes
50,Yvette,Clarke,NY-09,,0%,38%,28%,Not sponsoring,Not sponsoring,Not sponsoring,Not sponsoring,Not sponsoring,Not sponsoring,Signed,No,No,No,No,No,Yes,Yes,Yes,No,Yes,Yes,Yes,Yes,No,Yes,No,No,Present,Yes,Yes,No,No,Yes,No,No,Yes,Yes,Yes,Yes,Yes,Yes,Yes,Yes,Yes,Yes,Yes,Non-Signatory,Non-Signatory,,"$22,261 ","$22,261 ",,,,,Yes,,Yes
50,Sylvia,Garcia,TX-29,,0%,38%,28%,Not sponsoring,Not sponsoring,Not sponsoring,Not sponsoring,Not sponsoring,Not sponsoring,Signed,No,No,No,No,No,Yes,Yes,Yes,No,Yes,Yes,Yes,Yes,No,Yes,No,Not voting,Not voting,Yes,Yes,Yes,No,Yes,No,No,Yes,No,Yes,Yes,Yes,Yes,Yes,Yes,Yes,Not elected,Not elected,Non-Signatory,Signatory,,"$41,510 ","$41,510 ",,,,,,,Yes
50,Jasmine,Crockett,TX-30,,0%,38%,28%,Not sponsoring,Not sponsoring,Not sponsoring,Not sponsoring,Not sponsoring,Not sponsoring,Signed,No,Not voting,No,No,No,Yes,No,Yes,Yes,Yes,Yes,Yes,Yes,No,Yes,No,Not voting,Present,Yes,Yes,No,No,Yes,No,Yes,Yes,Yes,Yes,Yes,Yes,Not elected,Not elected,Not elected,Not elected,Not elected,Not elected,Non-Signatory,Signatory,,$0 ,,,,,,,,
54,Dwight,Evans,PA-03,,29%,28%,28%,Not sponsoring,Sponsor,Sponsor,Not sponsoring,Not sponsoring,Not sponsoring,Signed,Not voting,Not voting,Not voting,Not voting,No,Yes,Yes,Yes,Yes,Yes,Yes,Yes,Yes,No,Yes,No,No,Present,Yes,Not voting,Yes,No,Yes,No,Not voting,Yes,No,Yes,Yes,Yes,Yes,Yes,Yes,Yes,Present,Not elected,Non-Signatory,Non-Signatory,,$0 ,,,,,,Yes,,
55,Nanette,Barragán,CA-44,,0%,37%,28%,Not sponsoring,Not sponsoring,Not sponsoring,Not sponsoring,Not sponsoring,Not sponsoring,Signed,No,No,No,No,Yes,Yes,No,Yes,Yes,Yes,Not voting,Yes,Yes,No,Yes,No,No,Present,Yes,Yes,No,No,Yes,No,Yes,Yes,No,Yes,Yes,Yes,Yes,Yes,Yes,Yes,Yes,Not elected,Non-Signatory,Non-Signatory,,"$44,441 ","$44,441 ",,,,,,,Yes
56,Jennifer,McClellan,VA-04,,0%,36%,27%,Not sponsoring,Not sponsoring,Not sponsoring,Not sponsoring,Not sponsoring,Not sponsoring,Signed,No,No,Not voting,No,No,Yes,Yes,Yes,Yes,Yes,Yes,Yes,Yes,No,Yes,No,Yes,Present,Yes,Yes,No,No,Yes,No,Yes,Yes,No,Yes,Yes,Yes,Not elected,Not elected,Not elected,Not elected,Not elected,Not elected,Non-Signatory,Non-Signatory,,"$29,350 ","$26,850 ",,"$2,500.00 ",,,Yes,,
57,Robin,Kelly,IL-02,,0%,36%,27%,Not sponsoring,Not sponsoring,Not sponsoring,Not sponsoring,Not sponsoring,Not sponsoring,Signed,No,No,No,No,No,Yes,Yes,Yes,Yes,Yes,Yes,Yes,Yes,No,Yes,No,Yes,Present,Yes,Yes,Yes,No,Yes,No,No,Yes,No,Yes,Yes,Yes,Yes,Yes,Yes,Yes,No,Not elected,Non-Signatory,Non-Signatory,,$0 ,,,,,,Yes,,
57,Suzanne,Bonamici,OR-01,,0%,36%,27%,Not sponsoring,Not sponsoring,Not sponsoring,Not sponsoring,Not sponsoring,Not sponsoring,Signed,No,No,No,No,No,Yes,Yes,Yes,No,Yes,Yes,Yes,Yes,No,Yes,No,Yes,Present,Yes,Yes,No,No,Yes,No,Yes,Yes,No,Yes,Yes,Yes,Yes,Yes,Yes,Yes,Yes,Not elected,Non-Signatory,Non-Signatory,,"$20,250 ","$20,250 ",,,,,Yes,,
59,Bennie,Thompson,MS-02,YES - not on reso,0%,35%,26%,Not sponsoring,Not sponsoring,Not sponsoring,Not sponsoring,Not sponsoring,Not sponsoring,Signed,No,No,No,No,No,No,No,Yes,Yes,Yes,Not voting,Yes,Yes,No,Yes,No,Yes,Not voting,Yes,Yes,Yes,No,Yes,No,Yes,Yes,Yes,Yes,Yes,Yes,Yes,Yes,Yes,Yes,No,Yes,Non-Signatory,Signatory,,$0 ,,,,,,,,
60,Morgan,McGarvey,KY-03,Only if Hamas ousted,0%,35%,26%,Not sponsoring,Not sponsoring,Not sponsoring,Not sponsoring,Not sponsoring,Not sponsoring,Signed,No,No,No,No,No,Yes,No,Yes,Yes,Yes,Yes,Yes,Yes,No,Yes,No,Yes,Present,Yes,Yes,Yes,No,Yes,No,Yes,Yes,Yes,Yes,Yes,Yes,Not elected,Not elected,Not elected,Not elected,Not elected,Not elected,Non-Signatory,Non-Signatory,,"$90,591 ","$36,450 ",,"$2,000.00 ","$52,141.00 ",,,Yes,Yes
60,Valerie,Hoyle,OR-04,,0%,35%,26%,Not sponsoring,Not sponsoring,Not sponsoring,Not sponsoring,Not sponsoring,Not sponsoring,Signed,No,No,No,No,No,Yes,Yes,Yes,Yes,Yes,Yes,Yes,Yes,No,Yes,No,Yes,Present,Yes,Yes,No,No,Yes,No,Yes,Yes,Yes,Yes,Yes,Yes,Not elected,Not elected,Not elected,Not elected,Not elected,Not elected,Non-Signatory,Signatory,,"$17,170 ","$15,170 ",,"$2,000.00 ",,,,Yes,
62,Sean,Casten,IL-06,,0%,35%,26%,Not sponsoring,Not sponsoring,Not sponsoring,Not sponsoring,Not sponsoring,Not sponsoring,Signed,No,No,No,No,No,Yes,Yes,Yes,Yes,Yes,Yes,Yes,Yes,No,Yes,No,Yes,Present,Yes,Yes,No,No,Yes,No,Yes,Yes,No,Yes,Not voting,Yes,Yes,Yes,Yes,Yes,Not elected,Not elected,Signatory,Non-Signatory,,"$554,377 ",,,"$2,000.00 ","$552,377.00 ",,Yes,Yes,
62,Dan,Kildee,MI-08,YES - not on reso,0%,35%,26%,Not sponsoring,Not sponsoring,Not sponsoring,Not sponsoring,Not sponsoring,Not sponsoring,Signed,No,No,No,No,Yes,No,Yes,Yes,Yes,Yes,Yes,Not voting,Yes,No,Yes,No,Yes,Present,Yes,Yes,Yes,No,Yes,No,Yes,Yes,No,Yes,Yes,Not voting,Yes,Yes,Yes,Yes,No,Not elected,Non-Signatory,Non-Signatory,,$0 ,,,,,,Yes,,
64,Robert (Bobby),Scott,VA-03,,0%,35%,26%,Not sponsoring,Not sponsoring,Not sponsoring,Not sponsoring,Not sponsoring,Not sponsoring,Signed,No,No,No,No,No,Yes,Yes,Yes,Yes,Yes,Yes,Yes,Yes,No,Yes,No,No,Present,Yes,Yes,No,No,Yes,No,Yes,Yes,Yes,Yes,Yes,Yes,Yes,Yes,Yes,Yes,No,Yes,Non-Signatory,Non-Signatory,,$0 ,,,,,,,,
65,Katie,Porter,CA-47,Only if Hamas ousted,0%,35%,26%,Not sponsoring,Not sponsoring,Not sponsoring,Not sponsoring,Not sponsoring,Not sponsoring,Signed,No,No,Not voting,No,No,Yes,Not voting,Not voting,No,Yes,Not voting,Yes,Yes,No,Yes,No,Not voting,Not voting,Yes,Yes,Yes,No,Yes,No,Yes,Yes,Yes,Yes,Yes,Not voting,Yes,Yes,Not voting,Yes,Not elected,Not elected,Signatory,Non-Signatory,,"$2,000 ",,,"$2,000.00 ",,,Yes,,
66,Kevin,Mullin,CA-15,,0%,34%,26%,Not sponsoring,Not sponsoring,Not sponsoring,Not sponsoring,Not sponsoring,Not sponsoring,Signed,No,No,No,No,Yes,Yes,No,Yes,Yes,Yes,Yes,Yes,Yes,No,Yes,No,Yes,Not voting,Yes,Yes,Yes,No,Yes,No,Yes,Yes,No,Yes,Yes,Yes,Not elected,Not elected,Not elected,Not elected,Not elected,Not elected,Non-Signatory,Non-Signatory,,"$703,663 ","$87,895 ","$588,768 ","$2,000.00 ","$25,000.00 ",,,Yes,Yes
67,Jimmy,Gomez,CA-34,YES - not on reso,0%,34%,25%,Not sponsoring,Not sponsoring,Not sponsoring,Not sponsoring,Not sponsoring,Not sponsoring,Signed,No,No,No,No,Not voting,Yes,Yes,Yes,Not voting,Yes,Yes,No,Yes,No,Yes,Present,No,Not voting,Yes,Yes,Yes,No,Yes,No,Yes,Yes,No,Yes,Yes,Yes,Yes,Yes,Yes,Yes,Not elected,Not elected,Non-Signatory,Non-Signatory,,"$41,070 ","$41,070 ",,,,,,,Yes
68,Bill,Foster,IL-11,,0%,33%,25%,Not sponsoring,Not sponsoring,Not sponsoring,Not sponsoring,Not sponsoring,Not sponsoring,Signed,No,No,No,No,No,Yes,Yes,Yes,Yes,Yes,Yes,Yes,Yes,No,Yes,No,Yes,Present,Yes,Yes,No,No,Yes,No,Yes,Yes,Yes,Yes,Yes,Yes,Yes,Yes,Yes,Yes,No,Not elected,Non-Signatory,Non-Signatory,,$0 ,,,,,,Yes,,
69,Mary Gay,Scanlon,PA-05,YES - not on reso,0%,33%,25%,Not sponsoring,Not sponsoring,Not sponsoring,Not sponsoring,Not sponsoring,Not sponsoring,Signed,No,No,No,No,No,Yes,Yes,Yes,Yes,Yes,Yes,Yes,Yes,No,Yes,No,Yes,Present,Yes,Yes,Yes,No,Not voting,Not voting,No,Yes,No,Yes,Yes,Yes,Yes,Yes,Yes,Yes,Not elected,Not elected,Non-Signatory,Non-Signatory,,$0 ,,,,,,Yes,,
70,Nancy,Pelosi,CA-11,,0%,32%,24%,Not sponsoring,Not sponsoring,Not sponsoring,Not sponsoring,Not sponsoring,Not sponsoring,Signed,No,No,No,No,Yes,Yes,Yes,Yes,Yes,Yes,Yes,Yes,Yes,No,Yes,No,Yes,Not voting,Not voting,Not voting,Not voting,No,Yes,No,Yes,Yes,No,Yes,Yes,Yes,Yes,Yes,Yes,Not voting,No,Yes,Non-Signatory,Non-Signatory,,"$7,900 ","$7,900 ",,,,,Yes,Yes,Yes
71,John,Garamendi,CA-08,YES - not on reso,0%,32%,24%,Not sponsoring,Not sponsoring,Not sponsoring,Not sponsoring,Not sponsoring,Not sponsoring,Signed,No,No,No,No,No,No,Yes,Yes,Yes,Yes,Yes,Yes,Yes,No,Yes,Yes,Yes,Present,Yes,Yes,Yes,No,Yes,No,Yes,Yes,No,Yes,Yes,Yes,Yes,Yes,Yes,Yes,No,Yes,Non-Signatory,Non-Signatory,,$0 ,,,,,,Yes,,
71,Diana,DeGette,CO-01,,0%,32%,24%,Not sponsoring,Not sponsoring,Not sponsoring,Not sponsoring,Not sponsoring,Not sponsoring,Signed,No,No,No,No,No,Yes,Yes,Yes,Yes,Yes,Yes,Yes,Yes,No,Yes,No,Yes,Present,Yes,Yes,No,No,Yes,No,Yes,Yes,Yes,Yes,Yes,Yes,Yes,Yes,Yes,Yes,No,Yes,Non-Signatory,Non-Signatory,,"$8,400 ","$8,400 ",,,,,Yes,,Yes
71,Jim,Clyburn,SC-06,,0%,32%,24%,Not sponsoring,Not sponsoring,Not sponsoring,Not sponsoring,Not sponsoring,Not sponsoring,Signed,No,No,No,No,No,Yes,No,Yes,Yes,Yes,Yes,Yes,Yes,No,Yes,No,Yes,Present,Yes,Yes,Yes,No,Yes,No,Yes,Yes,Yes,Yes,Yes,Yes,Yes,Yes,Yes,Yes,No,Yes,Non-Signatory,Non-Signatory,,"$89,385 ","$89,385 ",,,,,Yes,,Yes
74,Melanie,Stansbury,NM-01,YES - not on reso,0%,31%,23%,Not sponsoring,Not sponsoring,Not sponsoring,Not sponsoring,Not sponsoring,Not sponsoring,Signed,No,No,No,No,No,Yes,Yes,Yes,Yes,Yes,Yes,Yes,Yes,No,Yes,Yes,Yes,Yes,Yes,Yes,No,No,Yes,No,Yes,Yes,No,Yes,Yes,Yes,Yes,Yes,Not elected,Not elected,Not elected,Not elected,Non-Signatory,Non-Signatory,,$0 ,,,,,,Yes,,
75,Ed,Case,HI-01,,0%,31%,23%,Not sponsoring,Not sponsoring,Not sponsoring,Not sponsoring,Not sponsoring,Not sponsoring,Signed,No,No,No,No,No,Yes,Yes,Yes,Yes,Yes,Yes,Yes,Yes,No,Yes,No,Yes,Present,Yes,Yes,No,No,Yes,No,Yes,Yes,Yes,Yes,Yes,Yes,Yes,Yes,Yes,Yes,Not elected,Not elected,Non-Signatory,Signatory,,"$43,450 ","$43,450 ",,,,,,,Yes
76,Katherine,Clark,MA-05,,0%,30%,23%,Not sponsoring,Not sponsoring,Not sponsoring,Not sponsoring,Not sponsoring,Not sponsoring,Signed,No,No,No,No,Yes,Yes,Yes,Yes,Yes,Yes,Yes,Yes,Yes,No,Yes,No,Yes,Present,Yes,Yes,Yes,No,Yes,No,Yes,Yes,No,Yes,Yes,Yes,Yes,Yes,Yes,Yes,No,Not elected,Non-Signatory,Non-Signatory,,"$100,108 ","$100,108 ",,,,,Yes,,Yes
76,Jamie,Raskin,MD-08,YES - not on reso,0%,30%,23%,Not sponsoring,Not sponsoring,Not sponsoring,Not sponsoring,Not sponsoring,Not sponsoring,Signed,No,No,No,No,Yes,No,No,Yes,Yes,Yes,Yes,Yes,Yes,No,Yes,No,Yes,Present,Yes,Yes,Yes,No,Yes,No,Yes,Yes,Yes,Yes,Yes,Yes,Yes,Yes,Yes,Yes,Yes,Not elected,Non-Signatory,Non-Signatory,,$0 ,,,,,,Yes,,
78,Stephen,Lynch,MA-08,YES - not on reso,14%,25%,22%,Not sponsoring,Sponsor,Not sponsoring,Not sponsoring,Not sponsoring,Not sponsoring,Signed,No,No,No,No,Yes,Yes,Yes,Yes,Yes,Yes,Yes,Yes,Yes,No,Yes,Yes,Yes,Yes,Yes,Yes,Yes,No,Yes,No,Yes,Yes,No,Yes,Yes,Yes,Yes,Yes,Yes,Yes,No,Yes,Non-Signatory,Non-Signatory,,$0 ,,,,,,,,
79,Troy,Carter,LA-02,YES - not on reso,0%,30%,22%,Not sponsoring,Not sponsoring,Not sponsoring,Not sponsoring,Not sponsoring,Not sponsoring,Signed,No,No,No,No,No,Yes,Yes,Yes,Yes,Yes,Yes,Yes,Yes,No,Yes,No,Yes,Present,Yes,Yes,Yes,No,Yes,No,Yes,Yes,Yes,Yes,Yes,Yes,Yes,Yes,Not elected,Not elected,Not elected,Not elected,Signatory,Signatory,,"$30,060 ","$30,060 ",,,,,,,Yes
79,Teresa,Leger Fernandez,NM-03,"""Temporary ceasefire""",0%,30%,22%,Not sponsoring,Not sponsoring,Not sponsoring,Not sponsoring,Not sponsoring,Not sponsoring,Signed,No,No,No,No,No,Yes,Yes,Yes,Yes,Yes,Yes,Yes,Yes,No,Yes,Yes,Yes,Present,Yes,Yes,No,No,Yes,No,Yes,Yes,Yes,Yes,Yes,Yes,Yes,Yes,Not elected,Not elected,Not elected,Not elected,Non-Signatory,Non-Signatory,,"$15,705 ","$13,705 ",,"$2,000.00 ",,,Yes,,Yes
81,Linda,Sánchez,CA-38,,0%,29%,22%,Not sponsoring,Not sponsoring,Not sponsoring,Not sponsoring,Not sponsoring,Not sponsoring,Signed,No,No,No,No,No,Yes,Yes,Yes,Yes,Yes,Yes,Yes,Yes,No,Yes,No,Yes,Present,Yes,Yes,Yes,No,Yes,No,Yes,Yes,No,Yes,Yes,Yes,Yes,Yes,Yes,Yes,Yes,Yes,Non-Signatory,Non-Signatory,,"$26,300 ","$26,300 ",,,,,Yes,,Yes
81,Gregory,Meeks,NY-05,,0%,29%,22%,Not sponsoring,Not sponsoring,Not sponsoring,Not sponsoring,Not sponsoring,Not sponsoring,Signed,No,No,No,No,Yes,Yes,Yes,Yes,Yes,Yes,Yes,Yes,Yes,No,Yes,No,Yes,Present,Yes,Yes,Yes,No,Yes,No,Yes,Yes,No,Yes,Yes,Yes,Yes,Yes,Yes,Yes,No,Yes,Non-Signatory,Non-Signatory,,"$149,240 ","$147,240 ",,"$2,000.00 ",,,Yes,Yes,Yes
81,Jerry,Nadler,NY-12,OPPOSES,0%,29%,22%,Not sponsoring,Not sponsoring,Not sponsoring,Not sponsoring,Not sponsoring,Not sponsoring,Signed,No,No,No,No,No,Yes,Yes,Yes,Yes,Yes,Yes,Yes,Yes,No,Yes,No,Yes,Present,Yes,Yes,No,No,Yes,No,Yes,Yes,Yes,Yes,Yes,Yes,Yes,Yes,Yes,Yes,Yes,Yes,Signatory,Non-Signatory,,"$10,150 ","$8,150 ",,"$2,000.00 ",,,Yes,,Yes
84,Seth,Magaziner,RI-02,,0%,29%,22%,Not sponsoring,Not sponsoring,Not sponsoring,Not sponsoring,Not sponsoring,Not sponsoring,Signed,No,No,No,Not voting,Not voting,Yes,Not voting,Not voting,Yes,Yes,Yes,Yes,Yes,No,Yes,No,Yes,Present,Yes,Yes,Yes,No,Yes,No,Yes,Yes,Yes,Yes,Yes,Yes,Not elected,Not elected,Not elected,Not elected,Not elected,Not elected,Non-Signatory,Non-Signatory,,"$7,000 ","$5,000 ",,"$2,000.00 ",,,Yes,Yes,
85,Zoe,Lofgren,CA-18,YES - not on reso,0%,29%,22%,Not sponsoring,Not sponsoring,Not sponsoring,Not sponsoring,Not sponsoring,Not sponsoring,Signed,No,No,Not voting,No,No,Yes,Yes,Yes,Yes,Yes,Yes,Yes,Yes,No,Yes,No,Not voting,Not voting,Yes,Yes,Yes,No,Yes,No,No,Yes,Yes,Yes,Yes,Yes,Yes,Yes,Yes,Yes,Present,Yes,Non-Signatory,Non-Signatory,,$0 ,,,,,,Yes,,
86,Anna,Eshoo,CA-16,,0%,29%,21%,Not sponsoring,Not sponsoring,Not sponsoring,Not sponsoring,Not sponsoring,Not sponsoring,Signed,No,No,No,No,Yes,Yes,Yes,Yes,Yes,Yes,Not voting,Yes,Yes,No,Yes,No,Yes,Yes,Yes,Yes,Yes,No,Yes,No,Yes,Yes,No,Yes,Yes,Yes,Yes,Yes,Yes,Yes,No,Yes,Non-Signatory,Non-Signatory,,$0 ,,,,,,Yes,,
86,Lisa,Blunt Rochester,DE-AL,,0%,29%,21%,Not sponsoring,Not sponsoring,Not sponsoring,Not sponsoring,Not sponsoring,Not sponsoring,Signed,No,No,No,No,Yes,Yes,Yes,Yes,Yes,Yes,Yes,Yes,Yes,No,Yes,No,Yes,Yes,Yes,Yes,No,No,Yes,No,Yes,Yes,Yes,Yes,Yes,Yes,Yes,Yes,Yes,Yes,No,Not elected,Non-Signatory,Non-Signatory,,$0 ,,,,,,Yes,,
88,Glenn,Ivey,MD-04,,0%,28%,21%,Not sponsoring,Not sponsoring,Not sponsoring,Not sponsoring,Not sponsoring,Not sponsoring,Signed,No,No,No,No,Yes,Yes,Yes,Yes,Yes,Yes,Yes,Yes,Yes,No,Yes,Yes,Yes,Present,Yes,Yes,Yes,No,Yes,No,No,Yes,Yes,Yes,Yes,Yes,Not elected,Not elected,Not elected,Not elected,Not elected,Not elected,Signatory,Signatory,,"$7,196,574 ","$771,657 ","$5,992,920 ","$2,000.00 ","$429,997.00 ",,,Yes,Yes
88,Shontel,Brown,OH-11,,0%,28%,21%,Not sponsoring,Not sponsoring,Not sponsoring,Not sponsoring,Not sponsoring,Not sponsoring,Signed,No,No,No,No,Yes,Yes,Yes,Yes,Yes,Yes,Yes,Yes,Yes,No,Yes,No,Yes,Present,Yes,Yes,Yes,No,Yes,No,Yes,Yes,Yes,Yes,Yes,Yes,Not elected,Not elected,Not elected,Not elected,Not elected,Not elected,Signatory,Signatory,,"$3,769,555 ","$351,861 ","$282,051 ","$2,000.00 ","$3,133,643.00 ",,,Yes,Yes
90,Lori,Trahan,MA-03,,0%,28%,21%,Not sponsoring,Not sponsoring,Not sponsoring,Not sponsoring,Not sponsoring,Not sponsoring,Signed,No,No,No,No,Yes,Yes,Yes,Yes,Yes,Yes,Yes,Yes,Yes,No,Yes,No,Yes,Present,Yes,Yes,Yes,No,Yes,No,Yes,Yes,No,Yes,Yes,Yes,Yes,Yes,Yes,Yes,Not elected,Not elected,Non-Signatory,Non-Signatory,,"$10,000 ","$10,000 ",,,,,Yes,,Yes
91,Mike,Thompson,CA-04,,0%,28%,21%,Not sponsoring,Not sponsoring,Not sponsoring,Not sponsoring,Not sponsoring,Not sponsoring,Signed,No,No,No,No,Yes,Yes,Yes,Yes,Yes,Yes,Yes,Yes,Yes,No,Yes,No,Yes,Yes,Yes,Yes,Yes,No,Yes,No,Yes,Yes,No,Yes,Yes,Yes,Yes,Yes,Yes,Yes,No,Yes,Non-Signatory,Non-Signatory,,$0 ,,,,,,Yes,,
91,Rosa,DeLauro,CT-03,,0%,28%,21%,Not sponsoring,Not sponsoring,Not sponsoring,Not sponsoring,Not sponsoring,Not sponsoring,Signed,No,No,No,No,Yes,Yes,Yes,Yes,Yes,Yes,Yes,Yes,Yes,No,Yes,No,Yes,Yes,Yes,Yes,Yes,No,Yes,No,Yes,Yes,No,Yes,Yes,Yes,Yes,Yes,Yes,Yes,No,Yes,Non-Signatory,Non-Signatory,,"$42,200 ","$42,200 ",,,,,Yes,,Yes
93,Alma,Adams,NC-12,YES - signed reso,14%,23%,21%,Sponsor,Not sponsoring,Not sponsoring,Not sponsoring,Not sponsoring,Not sponsoring,Signed,No,No,No,No,Yes,Yes,Yes,Yes,Yes,Yes,Yes,Yes,Yes,No,Yes,No,Yes,Yes,Yes,Yes,Yes,No,Yes,No,Yes,Yes,Yes,Yes,Yes,Yes,Yes,Yes,Yes,Yes,Yes,Not elected,Non-Signatory,Non-Signatory,,"$13,308 ","$13,308 ",,,,,Yes,,Yes
94,Emilia,Sykes,OH-13,,0%,28%,21%,Not sponsoring,Not sponsoring,Not sponsoring,Not sponsoring,Not sponsoring,Not sponsoring,Signed,No,No,No,No,Not voting,Yes,Yes,Yes,Yes,Yes,Yes,Yes,Yes,No,Yes,No,Yes,Yes,Yes,Yes,Yes,No,Yes,No,Yes,Yes,Yes,Yes,Yes,Yes,Not elected,Not elected,Not elected,Not elected,Not elected,Not elected,Signatory,Non-Signatory,,"$2,000 ",,,"$2,000.00 ",,,Yes,Yes,
95,Deborah,Ross,NC-02,,0%,27%,21%,Not sponsoring,Not sponsoring,Not sponsoring,Not sponsoring,Not sponsoring,Not sponsoring,Signed,No,No,No,No,Yes,Yes,Yes,Yes,Yes,Yes,Yes,Yes,Yes,No,Yes,No,Yes,Present,Yes,Yes,Yes,No,Yes,No,Yes,Yes,Yes,Yes,Yes,Not voting,Yes,Yes,Not elected,Not elected,Not elected,Not elected,Non-Signatory,Signatory,,"$30,750 ","$28,750 ",,"$2,000.00 ",,,,Yes,Yes
96,Jason,Crow,CO-06,,0%,27%,20%,Not sponsoring,Not sponsoring,Not sponsoring,Not sponsoring,Not sponsoring,Not sponsoring,Signed,No,No,No,No,Yes,Yes,Yes,Yes,Yes,Yes,Yes,Yes,Yes,No,Yes,No,Yes,Yes,Yes,Yes,Yes,No,Yes,No,Yes,Yes,No,Yes,Yes,Not voting,Yes,Yes,Yes,Yes,Not elected,Not elected,Non-Signatory,Non-Signatory,,"$27,805 ","$23,805 ",,"$4,000.00 ",,,Yes,Yes,Yes
97,Jennifer,Wexton,VA-10,YES - not on reso,0%,27%,20%,Not sponsoring,Not sponsoring,Not sponsoring,Not sponsoring,Not sponsoring,Not sponsoring,Signed,No,No,No,Not voting,No,Yes,Yes,Yes,Yes,Yes,Not voting,Yes,Yes,No,Not voting,No,Yes,Not voting,Yes,Yes,Not voting,No,Not voting,Not voting,Not voting,Yes,Yes,Yes,Yes,Yes,Yes,Yes,Yes,Yes,Not elected,Not elected,Non-Signatory,Non-Signatory,,"$2,000 ",,,"$2,000.00 ",,,Yes,,
98,Grace,Napolitano,CA-31,,0%,27%,20%,Not sponsoring,Not sponsoring,Not sponsoring,Not sponsoring,Not sponsoring,Not sponsoring,Signed,No,No,No,No,Yes,Yes,Yes,Yes,Yes,Yes,Not voting,Yes,Yes,No,Yes,No,Yes,Present,Yes,Yes,No,No,Not voting,Not voting,Not voting,Yes,Yes,Yes,Yes,Yes,Yes,Yes,Yes,Yes,Yes,Yes,Non-Signatory,Signatory,,"$37,200 ","$37,200 ",,,,,,,Yes
99,Sanford,Bishop,GA-02,YES - not on reso,0%,26%,20%,Not sponsoring,Not sponsoring,Not sponsoring,Not sponsoring,Not sponsoring,Not sponsoring,Signed,No,No,No,No,Yes,Yes,Not voting,Yes,Yes,Yes,Yes,Yes,Yes,No,Yes,No,Yes,Yes,Yes,Not voting,Yes,No,Yes,No,Yes,Yes,Yes,Yes,Yes,Yes,Yes,Yes,Yes,Yes,No,Yes,Non-Signatory,Signatory,,"$34,076 ","$32,076 ",,"$2,000.00 ",,,,Yes,Yes
99,Madeleine,Dean,PA-04,,0%,26%,20%,Not sponsoring,Not sponsoring,Not sponsoring,Not sponsoring,Not sponsoring,Not sponsoring,Signed,No,No,No,No,Yes,Yes,Yes,Yes,Present,Yes,Yes,Yes,Yes,No,Yes,No,Yes,Present,Yes,Yes,Yes,No,Yes,No,Yes,Yes,Yes,Yes,Yes,Yes,Yes,Yes,Yes,Yes,Not elected,Not elected,Non-Signatory,Non-Signatory,,"$6,336 ","$6,336 ",,,,,Yes,,Yes
99,Chrissy,Houlahan,PA-06,,0%,26%,20%,Not sponsoring,Not sponsoring,Not sponsoring,Not sponsoring,Not sponsoring,Not sponsoring,Signed,No,No,No,No,Yes,Yes,Yes,Yes,Yes,Yes,Yes,Yes,Yes,No,Yes,Present,Yes,Present,Yes,Yes,Yes,No,Yes,No,Yes,Yes,No,Yes,Yes,Yes,Yes,Yes,Yes,Yes,Not elected,Not elected,Non-Signatory,Non-Signatory,,"$30,428 ","$28,428 ",,"$2,000.00 ",,,,Yes,Yes
102,John,Sarbanes,MD-03,,0%,26%,20%,Not sponsoring,Not sponsoring,Not sponsoring,Not sponsoring,Not sponsoring,Not sponsoring,Signed,No,No,No,No,Yes,Yes,No,Yes,Yes,Yes,Yes,Yes,Yes,No,Yes,Yes,Yes,Present,Yes,Yes,Yes,No,Yes,No,Yes,Yes,No,Yes,Yes,Yes,Yes,Yes,Yes,Yes,Yes,Yes,Non-Signatory,Non-Signatory,,$0 ,,,,,,,,
102,Marcy,Kaptur,OH-09,,0%,26%,20%,Not sponsoring,Not sponsoring,Not sponsoring,Not sponsoring,Not sponsoring,Not sponsoring,Signed,No,No,No,No,Yes,Yes,Yes,Yes,Yes,Yes,Yes,Yes,Yes,No,Yes,Yes,Yes,Present,Yes,Yes,Yes,No,Yes,No,Yes,Yes,No,Yes,Yes,Yes,Yes,Yes,Yes,Yes,No,Yes,Non-Signatory,Non-Signatory,,$0 ,,,,,,Yes,,
104,Andrea,Salinas,OR-06,,0%,26%,19%,Not sponsoring,Not sponsoring,Not sponsoring,Not sponsoring,Not sponsoring,Not sponsoring,Signed,No,No,No,No,Yes,Yes,Yes,Yes,Yes,Yes,Yes,Yes,Yes,No,Yes,Yes,Yes,Present,Yes,Yes,Yes,No,Yes,No,Not voting,Yes,Yes,Yes,Yes,Yes,Not elected,Not elected,Not elected,Not elected,Not elected,Not elected,Signatory,Non-Signatory,,$0 ,,,,,,Yes,,
105,Jake,Auchincloss,MA-04,,0%,26%,19%,Not sponsoring,Not sponsoring,Not sponsoring,Not sponsoring,Not sponsoring,Not sponsoring,Signed,No,Yes,No,No,No,Yes,Yes,Yes,Yes,Yes,Yes,Yes,Yes,Yes,Yes,No,No,Yes,Yes,Yes,Yes,No,Yes,No,Not voting,Yes,Yes,Yes,Yes,Yes,Yes,Yes,Not elected,Not elected,Not elected,Not elected,Non-Signatory,Signatory,,"$173,316 ","$166,316 ",,"$7,000.00 ",,,,Yes,Yes
106,Ami,Bera,CA-06,,0%,26%,19%,Not sponsoring,Not sponsoring,Not sponsoring,Not sponsoring,Not sponsoring,Not sponsoring,Signed,No,No,No,No,Yes,Yes,Yes,Yes,Yes,Yes,Yes,Yes,Yes,No,Yes,No,Yes,Yes,Yes,Yes,Yes,No,Yes,No,Yes,Yes,No,Yes,Yes,Yes,Yes,Yes,Yes,Yes,Yes,Not elected,Signatory,Non-Signatory,,"$52,091 ","$52,091 ",,,,,Yes,,Yes
106,Salud,Carbajal,CA-24,,0%,26%,19%,Not sponsoring,Not sponsoring,Not sponsoring,Not sponsoring,Not sponsoring,Not sponsoring,Signed,No,No,No,No,Yes,Yes,Yes,Yes,Yes,Yes,Yes,Yes,Yes,No,Yes,No,Yes,Yes,Yes,Yes,Yes,No,Yes,No,Yes,Yes,Yes,Yes,Yes,Yes,Yes,Yes,Yes,Yes,No,Not elected,Signatory,Non-Signatory,,"$4,000 ","$4,000 ",,,,,Yes,,Yes
106,Jim,Himes,CT-04,,0%,26%,19%,Not sponsoring,Not sponsoring,Not sponsoring,Not sponsoring,Not sponsoring,Not sponsoring,Signed,No,No,No,No,Yes,Yes,Yes,Yes,Yes,Yes,Not voting,Yes,Yes,No,Yes,No,No,Yes,Yes,Yes,Yes,No,Yes,No,Yes,Yes,Yes,Yes,Yes,Yes,Yes,Yes,Yes,Yes,Yes,Yes,Non-Signatory,Non-Signatory,,"$41,000 ","$41,000 ",,,,,,,Yes
109,John,Larson,CT-01,,0%,25%,19%,Not sponsoring,Not sponsoring,Not sponsoring,Not sponsoring,Not sponsoring,Not sponsoring,Signed,No,No,No,No,Yes,Yes,Yes,Yes,Yes,Yes,Yes,Yes,Yes,No,Yes,No,Yes,Yes,Yes,Yes,Yes,No,Yes,No,Yes,Yes,Yes,Yes,Yes,Yes,Yes,Yes,Yes,Yes,No,Yes,Non-Signatory,Non-Signatory,,"$12,000 ","$10,000 ",,"$2,000.00 ",,,,Yes,Yes
109,Kweisi,Mfume,MD-07,YES - not on reso,0%,25%,19%,Not sponsoring,Not sponsoring,Not sponsoring,Not sponsoring,Not sponsoring,Not sponsoring,Signed,No,No,No,No,Yes,Yes,Yes,Yes,Yes,Yes,Yes,Yes,Yes,No,Yes,No,Yes,Yes,Yes,Yes,Yes,No,Yes,No,Yes,Yes,Yes,Yes,Yes,Yes,Yes,Yes,Not elected,Not elected,Not elected,Not elected,Non-Signatory,Non-Signatory,,"$44,042 ","$39,042 ",,"$5,000.00 ",,,,,Yes
109,Gabe,Vasquez,NM-02,YES - not on reso,0%,25%,19%,Not sponsoring,Not sponsoring,Not sponsoring,Not sponsoring,Not sponsoring,Not sponsoring,Signed,No,No,No,No,Yes,Yes,Yes,Yes,Yes,Yes,Yes,Yes,Yes,No,Yes,Yes,Yes,Present,Yes,Yes,Yes,No,Yes,No,Yes,Yes,Yes,Yes,Yes,Yes,Not elected,Not elected,Not elected,Not elected,Not elected,Not elected,Non-Signatory,Signatory,,"$3,000 ",,,"$3,000.00 ",,,Yes,Yes,
109,Joyce,Beatty,OH-03,BACKTRACKED,0%,25%,19%,Not sponsoring,Not sponsoring,Not sponsoring,Not sponsoring,Not sponsoring,Not sponsoring,Signed,No,No,No,No,Yes,Yes,Yes,Yes,Yes,Yes,Yes,Yes,Yes,No,Yes,No,Yes,Present,Yes,Yes,Not voting,No,Yes,No,Yes,Yes,Yes,Yes,Yes,Yes,Yes,Yes,Yes,Yes,Yes,Not elected,Non-Signatory,Non-Signatory,,"$46,371 ","$42,371 ",,"$4,000.00 ",,,,Yes,Yes
109,Gerry,Connolly,VA-11,,0%,25%,19%,Not sponsoring,Not sponsoring,Not sponsoring,Not sponsoring,Not sponsoring,Not sponsoring,Signed,No,No,No,No,Yes,Yes,Yes,Yes,Yes,Yes,Yes,Yes,Yes,No,Yes,Yes,Yes,No,Yes,Yes,Yes,No,Yes,No,Yes,Yes,Yes,Yes,Yes,Yes,Yes,Yes,Yes,Yes,No,Yes,Non-Signatory,Non-Signatory,,$0 ,,,,,,Yes,,
114,Pete,Aguilar,CA-33,,0%,24%,18%,Not sponsoring,Not sponsoring,Not sponsoring,Not sponsoring,Not sponsoring,Not sponsoring,Signed,No,No,No,No,Yes,Yes,Yes,Yes,Yes,Yes,Yes,Yes,Yes,No,Yes,No,Yes,Present,Yes,Yes,Yes,No,Yes,No,Yes,Yes,Yes,Yes,Yes,Yes,Yes,Yes,Yes,Yes,Yes,Not elected,Non-Signatory,Non-Signatory,,"$60,667 ","$60,667 ",,,,,Yes,Yes,Yes
114,Raja,Krishnamoorthi,IL-08,,0%,24%,18%,Not sponsoring,Not sponsoring,Not sponsoring,Not sponsoring,Not sponsoring,Not sponsoring,Signed,No,No,No,No,Yes,Yes,Yes,Yes,Yes,Yes,Yes,Yes,Yes,No,Yes,No,Yes,Present,Yes,Yes,Yes,No,Yes,No,Yes,Yes,Yes,Yes,Yes,Yes,Yes,Yes,Yes,Yes,Yes,Not elected,Non-Signatory,Non-Signatory,,"$45,330 ","$43,330 ",,"$2,000.00 ",,,,Yes,Yes
114,Suzan,DelBene,WA-01,,0%,24%,18%,Not sponsoring,Not sponsoring,Not sponsoring,Not sponsoring,Not sponsoring,Not sponsoring,Signed,No,No,No,No,Yes,Yes,Yes,Yes,Yes,Yes,Yes,Yes,Yes,No,Yes,No,Yes,Present,Yes,Yes,Yes,No,Yes,No,Yes,Yes,Yes,Yes,Yes,Yes,Yes,Yes,Yes,Yes,Yes,Not elected,Non-Signatory,Non-Signatory,,"$40,400 ","$40,400 ",,,,,Yes,,
117,Chris,Deluzio,PA-17,,0%,24%,18%,Not sponsoring,Not sponsoring,Not sponsoring,Not sponsoring,Not sponsoring,Not sponsoring,Signed,No,No,No,No,Yes,Yes,Yes,Yes,Yes,Yes,Yes,Yes,Yes,No,Yes,Yes,Yes,Yes,Yes,Yes,Yes,No,Yes,No,Yes,Yes,Yes,Not voting,Yes,Yes,Not elected,Not elected,Not elected,Not elected,Not elected,Not elected,Signatory,Non-Signatory,,$0 ,,,,,,Yes,,
118,Joe,Neguse,CO-02,,0%,24%,18%,Not sponsoring,Not sponsoring,Not sponsoring,Not sponsoring,Not sponsoring,Not sponsoring,Signed,No,No,No,No,Yes,Yes,Yes,Yes,Yes,Yes,Yes,Yes,Yes,No,Yes,No,Yes,Yes,Yes,Yes,Yes,No,Yes,No,Yes,Yes,Yes,Yes,Yes,Yes,Yes,Yes,Yes,Yes,Not elected,Not elected,Non-Signatory,Signatory,,"$42,580 ","$42,580 ",,,,,Yes,,Yes
118,Jahana,Hayes,CT-05,,0%,24%,18%,Not sponsoring,Not sponsoring,Not sponsoring,Not sponsoring,Not sponsoring,Not sponsoring,Signed,No,No,No,No,Yes,Yes,Yes,Yes,Yes,Yes,Yes,Yes,Yes,No,Yes,No,Yes,Yes,Yes,Yes,Yes,No,Yes,No,Yes,Yes,Yes,Yes,Yes,Yes,Yes,Yes,Yes,Yes,Not elected,Not elected,Non-Signatory,Non-Signatory,,"$22,775 ","$20,775 ",,"$2,000.00 ",,,Yes,,
120,Marilyn,Strickland,WA-10,,0%,23%,18%,Not sponsoring,Not sponsoring,Not sponsoring,Not sponsoring,Not sponsoring,Not sponsoring,Signed,No,Yes,No,No,Yes,Yes,Yes,Yes,Yes,Yes,Yes,Yes,Yes,No,Yes,No,Yes,Present,Yes,Yes,Yes,No,Yes,No,Yes,Yes,Yes,Yes,Yes,Yes,Yes,Yes,Not elected,Not elected,Not elected,Not elected,Signatory,Non-Signatory,,"$30,250 ","$28,250 ",,"$2,000.00 ",,,,,Yes
121,Sheila,Cherfilus-McCormick,FL-20,,0%,23%,18%,Not sponsoring,Not sponsoring,Not sponsoring,Not sponsoring,Not sponsoring,Not sponsoring,Signed,No,No,No,No,Yes,Yes,Yes,Yes,Yes,Yes,Yes,Yes,Yes,Yes,Yes,No,Yes,Yes,Yes,Yes,Yes,No,Yes,No,Yes,Yes,Yes,Yes,Yes,Yes,Not elected,Not elected,Not elected,Not elected,Not elected,Not elected,Signatory,Signatory,,"$54,240 ","$54,240 ",,,,,,,Yes
121,Nikki,Budzinski,IL-13,,0%,23%,18%,Not sponsoring,Not sponsoring,Not sponsoring,Not sponsoring,Not sponsoring,Not sponsoring,Signed,No,No,No,No,Yes,Yes,Yes,Yes,Yes,Yes,Yes,Yes,Yes,No,Yes,Yes,Yes,Yes,Yes,Yes,Yes,No,Yes,No,Yes,Yes,Yes,Yes,Yes,Yes,Not elected,Not elected,Not elected,Not elected,Not elected,Not elected,Signatory,Non-Signatory,,"$3,000 ",,,"$3,000.00 ",,,Yes,Yes,
121,Jeff,Jackson,NC-14,,0%,23%,18%,Not sponsoring,Not sponsoring,Not sponsoring,Not sponsoring,Not sponsoring,Not sponsoring,Signed,No,No,No,No,Yes,Yes,Yes,Yes,Yes,Yes,Yes,Yes,Yes,No,Yes,Yes,Yes,Yes,Yes,Yes,Yes,No,Yes,No,Yes,Yes,Yes,Yes,Yes,Yes,Not elected,Not elected,Not elected,Not elected,Not elected,Not elected,Signatory,Non-Signatory,,"$11,000 ","$8,000 ",,"$3,000.00 ",,,Yes,Yes,Yes
124,Ann,Kuster,NH-02,,0%,23%,17%,Not sponsoring,Not sponsoring,Not sponsoring,Not sponsoring,Not sponsoring,Not sponsoring,Signed,No,No,No,No,Yes,Yes,Yes,Yes,Yes,Yes,Yes,Yes,Yes,No,Yes,Yes,Yes,Yes,Yes,Yes,Yes,No,Yes,No,Yes,Yes,Yes,Yes,Yes,Yes,Yes,Yes,Yes,Yes,No,Not elected,Non-Signatory,Non-Signatory,,$0 ,,,,,,Yes,,
124,Adam,Smith,WA-09,,0%,23%,17%,Not sponsoring,Not sponsoring,Not sponsoring,Not sponsoring,Not sponsoring,Not sponsoring,Signed,No,No,No,No,Yes,Yes,Yes,Yes,Yes,Not voting,Yes,Yes,Yes,No,Yes,Yes,Yes,Yes,Yes,Yes,Yes,No,Yes,No,Yes,Yes,No,Yes,Yes,Yes,Yes,Yes,Yes,Yes,Yes,Yes,Non-Signatory,Non-Signatory,,"$97,125 ","$96,125 ",,"$1,000.00 ",,,Yes,Yes,Yes
126,Lou,Correa,CA-46,,0%,23%,17%,Not sponsoring,Not sponsoring,Not sponsoring,Not sponsoring,Not sponsoring,Not sponsoring,Signed,No,Yes,No,No,Yes,Yes,Yes,Yes,Yes,Yes,Yes,No,Yes,Yes,Yes,No,Yes,Present,Yes,Yes,Yes,No,Yes,No,Not voting,Not voting,Yes,Yes,Yes,Yes,Yes,Yes,Yes,Yes,Yes,Not elected,Signatory,Non-Signatory,,"$5,600 ","$5,600 ",,,,,,,Yes
126,Emanuel,Cleaver,MO-05,YES - not on reso,0%,23%,17%,Not sponsoring,Not sponsoring,Not sponsoring,Not sponsoring,Not sponsoring,Not sponsoring,Signed,No,No,No,Not voting,Not voting,Yes,Yes,Yes,Yes,Yes,Yes,Yes,Yes,No,Yes,Yes,Not voting,Present,Yes,Yes,No,No,Yes,No,Yes,Yes,Yes,Yes,Yes,Yes,Yes,Yes,Yes,Yes,Yes,Yes,Non-Signatory,Non-Signatory,,"$35,422 ","$35,422 ",,,,,,,Yes
128,Eric,Swalwell,CA-14,,0%,23%,17%,Not sponsoring,Not sponsoring,Not sponsoring,Not sponsoring,Not sponsoring,Not sponsoring,Signed,No,Yes,No,No,Yes,Yes,Not voting,Yes,Yes,Yes,Not voting,Yes,Yes,No,Yes,Yes,Yes,Yes,Yes,Not voting,Yes,No,Yes,No,Yes,Yes,Yes,Yes,Yes,Not voting,Yes,Yes,Yes,Yes,No,Not elected,Non-Signatory,Non-Signatory,,"$28,000 ","$28,000 ",,,,,Yes,,Yes
128,Andy,Kim,NJ-03,,0%,23%,17%,Not sponsoring,Not sponsoring,Not sponsoring,Not sponsoring,Not sponsoring,Not sponsoring,Signed,No,No,Not voting,No,No,Yes,Yes,Yes,Yes,Yes,Yes,Yes,Yes,No,Yes,Yes,Yes,Not voting,Yes,Yes,Not voting,No,Yes,No,Yes,Yes,Yes,Yes,Yes,Yes,Yes,Yes,Yes,Yes,Not elected,Not elected,Non-Signatory,Non-Signatory,,"$20,099 ","$15,099 ",,"$5,000.00 ",,,Yes,,
130,Rob,Menendez,NJ-08,,0%,22%,17%,Not sponsoring,Not sponsoring,Not sponsoring,Not sponsoring,Not sponsoring,Not sponsoring,Signed,No,No,Not voting,No,Yes,Yes,Yes,Yes,Yes,Yes,Yes,Yes,Yes,Yes,Yes,No,Yes,Present,Yes,Yes,Yes,No,Yes,No,Yes,Yes,Yes,Yes,Yes,Yes,Not elected,Not elected,Not elected,Not elected,Not elected,Not elected,Signatory,Signatory,,"$66,500 ","$64,500 ",,"$2,000.00 ",,,,Yes,Yes
131,Mike,Quigley,IL-05,,0%,22%,17%,Not sponsoring,Not sponsoring,Not sponsoring,Not sponsoring,Not sponsoring,Not sponsoring,Signed,No,No,No,No,Yes,Yes,Yes,Yes,Yes,Yes,Yes,Yes,Yes,No,Yes,No,Yes,Yes,Yes,Yes,Yes,No,Yes,No,Yes,Yes,Yes,Yes,Yes,Yes,Yes,Yes,Yes,Yes,Yes,Yes,Non-Signatory,Non-Signatory,,"$25,025 ","$25,025 ",,,,,,,Yes
131,Richard,Neal,MA-01,,0%,22%,17%,Not sponsoring,Not sponsoring,Not sponsoring,Not sponsoring,Not sponsoring,Not sponsoring,Signed,No,No,No,No,Yes,Yes,Yes,Yes,Yes,Yes,Yes,Yes,Yes,No,Yes,No,Yes,Yes,Yes,Yes,Yes,No,Yes,No,Yes,Yes,Yes,Yes,Yes,Yes,Yes,Yes,Yes,Yes,Yes,Yes,Non-Signatory,Non-Signatory,,"$47,000 ","$47,000 ",,,,,,,Yes
133,Sharice,Davids,KS-03,,0%,22%,17%,Not sponsoring,Not sponsoring,Not sponsoring,Not sponsoring,Not sponsoring,Not sponsoring,Signed,No,No,No,No,Yes,Yes,Yes,Yes,Yes,Yes,Yes,Yes,Yes,No,Yes,Yes,Yes,Present,Yes,Yes,Yes,No,Yes,No,Yes,Yes,Yes,Yes,Yes,Yes,Yes,Yes,Yes,Yes,Not elected,Not elected,Non-Signatory,Non-Signatory,,"$43,130 ","$39,130 ",,"$4,000.00 ",,,Yes,Yes,Yes
133,Mikie,Sherrill,NJ-11,,0%,22%,17%,Not sponsoring,Not sponsoring,Not sponsoring,Not sponsoring,Not sponsoring,Not sponsoring,Signed,No,No,No,No,Yes,Yes,Yes,Yes,Yes,Yes,Yes,Yes,Yes,No,Yes,Yes,Yes,Present,Yes,Yes,Yes,No,Yes,No,Yes,Yes,Yes,Yes,Yes,Yes,Yes,Yes,Yes,Yes,Not elected,Not elected,Signatory,Signatory,,"$57,922 ","$55,922 ",,"$2,000.00 ",,,,Yes,Yes
135,Raul,Ruiz,CA-25,,0%,21%,16%,Not sponsoring,Not sponsoring,Not sponsoring,Not sponsoring,Not sponsoring,Not sponsoring,Signed,No,No,No,No,Yes,Yes,Yes,Yes,Yes,Yes,Yes,Yes,Yes,No,Yes,Yes,Yes,Present,Yes,Yes,Yes,No,Yes,No,Yes,Yes,Yes,Yes,Yes,Yes,Yes,Yes,Yes,Yes,Yes,Not elected,Non-Signatory,Non-Signatory,,"$7,900 ","$7,900 ",,,,,,,Yes
135,Julia,Brownley,CA-26,,0%,21%,16%,Not sponsoring,Not sponsoring,Not sponsoring,Not sponsoring,Not sponsoring,Not sponsoring,Signed,No,No,No,No,Yes,Yes,Yes,Yes,Yes,Yes,Yes,Yes,Yes,No,Yes,Present,Yes,Yes,Yes,Yes,Yes,No,Yes,No,Yes,Yes,Yes,Yes,Yes,Yes,Yes,Yes,Yes,Yes,Yes,Not elected,Signatory,Non-Signatory,,"$23,350 ","$23,350 ",,,,,Yes,,Yes
135,Hakeem,Jeffries,NY-08,,0%,21%,16%,Not sponsoring,Not sponsoring,Not sponsoring,Not sponsoring,Not sponsoring,Not sponsoring,Signed,No,No,No,No,Yes,Yes,Yes,Yes,Yes,Yes,Yes,Yes,Yes,No,Yes,Yes,Yes,Present,Yes,Yes,Yes,No,Yes,No,Yes,Yes,Yes,Yes,Yes,Yes,Yes,Yes,Yes,Yes,Yes,Not elected,Non-Signatory,Non-Signatory,,"$501,615 ","$498,615 ",,"$3,000.00 ",,,,Yes,Yes
135,Rick,Larsen,WA-02,,0%,21%,16%,Not sponsoring,Not sponsoring,Not sponsoring,Not sponsoring,Not sponsoring,Not sponsoring,Signed,No,No,No,No,Yes,Yes,Yes,Yes,Yes,Yes,Yes,Yes,Yes,No,Yes,No,Yes,Present,Yes,Yes,Yes,Not voting,Yes,No,Yes,Yes,Yes,Yes,Yes,Yes,Yes,Yes,Yes,Yes,Yes,Yes,Non-Signatory,Non-Signatory,,"$33,250 ","$31,250 ",,"$2,000.00 ",,,,Yes,Yes
139,Scott,Peters,CA-50,,0%,21%,16%,Not sponsoring,Not sponsoring,Not sponsoring,Not sponsoring,Not sponsoring,Not sponsoring,Signed,No,No,Yes,No,Yes,Yes,Yes,Yes,Yes,Yes,Yes,Yes,Yes,No,Yes,Yes,Yes,Yes,Yes,Yes,No,No,Yes,No,Yes,Yes,Yes,Not voting,Yes,Not voting,Yes,Yes,Yes,Yes,Yes,Not elected,Signatory,Non-Signatory,,"$19,920 ","$19,920 ",,,,,Yes,,Yes
140,Adriano,Espaillat,NY-13,,14%,16%,16%,Not sponsoring,Not sponsoring,Sponsor,Not sponsoring,Not sponsoring,Not sponsoring,Signed,No,Yes,No,No,Yes,Yes,Yes,Yes,Yes,Yes,Yes,Yes,Yes,Yes,Yes,Yes,Yes,Present,Yes,Yes,Yes,No,Yes,No,Yes,Yes,Not voting,Yes,Yes,Yes,Yes,Yes,Yes,Yes,Yes,Not elected,Non-Signatory,Non-Signatory,,"$63,750 ","$61,750 ",,"$2,000.00 ",,,,Yes,Yes
141,Doris,Matsui,CA-07,,0%,21%,15%,Not sponsoring,Not sponsoring,Not sponsoring,Not sponsoring,Not sponsoring,Not sponsoring,Signed,No,Not voting,No,No,Yes,Yes,Yes,Yes,Yes,Yes,Yes,Yes,Yes,No,Yes,No,Not voting,Yes,Yes,Yes,Yes,No,Yes,No,Yes,Yes,Yes,Yes,Yes,Yes,Yes,Yes,Yes,Yes,Yes,Yes,Non-Signatory,Non-Signatory,,"$14,900 ","$14,900 ",,,,,,,Yes
141,Josh,Harder,CA-09,,0%,21%,15%,Not sponsoring,Not sponsoring,Not sponsoring,Not sponsoring,Not sponsoring,Not sponsoring,Signed,No,Yes,No,No,Yes,Yes,Yes,Yes,Yes,Yes,Yes,Yes,Yes,No,Yes,No,Yes,Yes,Yes,Yes,Yes,No,Yes,No,Yes,Yes,Yes,Yes,Yes,Yes,Yes,Yes,Yes,Yes,Not elected,Not elected,Non-Signatory,Non-Signatory,,"$37,300 ","$37,300 ",,,,,Yes,,Yes
141,Seth,Moulton,MA-06,,0%,21%,15%,Not sponsoring,Not sponsoring,Not sponsoring,Not sponsoring,Not sponsoring,Not sponsoring,Signed,No,No,No,No,Yes,Yes,Yes,Yes,Yes,Yes,Yes,Yes,Yes,No,Yes,Yes,Yes,Yes,Yes,Yes,Yes,No,Yes,No,Yes,Yes,Yes,Yes,Yes,Yes,Yes,Yes,Yes,Not voting,Yes,Not elected,Signatory,Non-Signatory,,$0 ,,,,,,Yes,,
141,Susan,Wild,PA-07,,0%,21%,15%,Not sponsoring,Not sponsoring,Not sponsoring,Not sponsoring,Not sponsoring,Not sponsoring,Signed,No,No,No,No,Yes,Yes,Yes,Yes,Yes,Yes,Yes,Yes,Yes,No,Yes,Yes,Yes,Present,Yes,Yes,Yes,Present,Yes,No,Yes,Yes,Yes,Yes,Yes,Yes,Yes,Yes,Yes,Yes,Not elected,Not elected,Non-Signatory,Non-Signatory,,"$62,059 ","$57,272 ",,"$4,000.00 ",$787.00 ,,Yes,Yes,Yes
145,Terri,Sewell,AL-07,YES - not on reso,0%,20%,15%,Not sponsoring,Not sponsoring,Not sponsoring,Not sponsoring,Not sponsoring,Not sponsoring,Signed,Not voting,No,No,No,Yes,Yes,Yes,Yes,Yes,Yes,Yes,Yes,Yes,No,Yes,No,Yes,Yes,Yes,Yes,Yes,No,Yes,No,Yes,Yes,Yes,Yes,Yes,Yes,Yes,Yes,Yes,Yes,Yes,Yes,Signatory,Non-Signatory,,"$30,450 ","$30,450 ",,,,,,,Yes
145,Brittany,Pettersen,CO-07,,0%,20%,15%,Not sponsoring,Not sponsoring,Not sponsoring,Not sponsoring,Not sponsoring,Not sponsoring,Signed,No,Yes,No,No,Yes,Yes,Yes,Yes,Yes,Yes,Yes,Yes,Yes,No,Yes,Yes,Yes,Yes,Yes,Yes,Yes,No,Yes,No,Yes,Yes,Yes,Yes,Yes,Yes,Not elected,Not elected,Not elected,Not elected,Not elected,Not elected,Signatory,Signatory,,"$24,150 ","$22,150 ",,"$2,000.00 ",,,Yes,Yes,Yes
145,Yadira,Caraveo,CO-08,,0%,20%,15%,Not sponsoring,Not sponsoring,Not sponsoring,Not sponsoring,Not sponsoring,Not sponsoring,Signed,No,Yes,Yes,No,Yes,Yes,Not voting,Not voting,Not voting,Not voting,Not voting,Yes,Yes,No,Yes,Yes,Yes,Yes,Yes,Yes,Yes,No,Yes,No,Yes,Yes,Yes,Yes,Yes,Yes,Not elected,Not elected,Not elected,Not elected,Not elected,Not elected,Non-Signatory,Non-Signatory,,"$2,000 ",,,"$2,000.00 ",,,Yes,Yes,
145,Bill,Keating,MA-09,,0%,20%,15%,Not sponsoring,Not sponsoring,Not sponsoring,Not sponsoring,Not sponsoring,Not sponsoring,Signed,No,No,No,No,Yes,Yes,Yes,Yes,Yes,Yes,Not voting,Yes,Yes,No,Yes,Yes,Yes,Yes,Yes,Yes,Yes,No,Yes,No,Yes,Yes,Yes,Yes,Yes,Yes,Yes,Yes,Yes,Yes,Yes,Yes,Signatory,Non-Signatory,,"$25,700 ","$25,700 ",,,,,Yes,,Yes
145,Dutch,Ruppersberger,MD-02,,0%,20%,15%,Not sponsoring,Not sponsoring,Not sponsoring,Not sponsoring,Not sponsoring,Not sponsoring,Signed,No,No,No,No,Yes,Yes,Yes,Yes,Yes,Yes,Yes,Yes,Yes,No,Yes,Yes,Not voting,Yes,Yes,Yes,Yes,No,Yes,No,Yes,Yes,Yes,Yes,Yes,Yes,Yes,Yes,Yes,Yes,Yes,Yes,Signatory,Non-Signatory,,"$27,300 ","$27,300 ",,,,,,,Yes
145,Hillary,Scholten,MI-03,,0%,20%,15%,Not sponsoring,Not sponsoring,Not sponsoring,Not sponsoring,Not sponsoring,Not sponsoring,Signed,No,Yes,No,No,Yes,Yes,Yes,Yes,Yes,Yes,Yes,Yes,Yes,No,Yes,Yes,Yes,Yes,Yes,Yes,Yes,No,Yes,No,Yes,Yes,Yes,Yes,Yes,Yes,Not elected,Not elected,Not elected,Not elected,Not elected,Not elected,Signatory,Signatory,,$0 ,,,,,,Yes,,
145,Derek,Kilmer,WA-06,,0%,20%,15%,Not sponsoring,Not sponsoring,Not sponsoring,Not sponsoring,Not sponsoring,Not sponsoring,Signed,No,Yes,No,No,Yes,Yes,Yes,Yes,Yes,Yes,Yes,Yes,Yes,No,Yes,No,Yes,Yes,Yes,Yes,Yes,No,Yes,No,Yes,Yes,Yes,Yes,Yes,Yes,Yes,Yes,Yes,Yes,Yes,Not elected,Signatory,Non-Signatory,,"$62,050 ","$61,050 ",,"$1,000.00 ",,,Yes,Yes,Yes
152,Joe,Courtney,CT-02,,0%,19%,15%,Not sponsoring,Not sponsoring,Not sponsoring,Not sponsoring,Not sponsoring,Not sponsoring,Signed,No,No,No,No,Yes,Yes,Yes,Yes,Yes,Yes,Yes,Yes,Yes,No,Yes,Yes,Yes,Yes,Yes,Yes,Yes,No,Yes,No,Yes,Yes,Yes,Yes,Yes,Yes,Yes,Yes,Yes,Yes,Yes,Yes,Signatory,Non-Signatory,,"$25,000 ","$25,000 ",,,,,Yes,,Yes
152,Kathy,Castor,FL-14,,0%,19%,15%,Not sponsoring,Not sponsoring,Not sponsoring,Not sponsoring,Not sponsoring,Not sponsoring,Signed,No,No,No,No,Yes,Yes,Yes,Yes,Yes,Yes,Yes,Yes,Yes,Yes,Yes,No,Yes,Yes,Yes,Yes,Yes,No,Yes,No,Yes,Yes,Yes,Yes,Yes,Yes,Yes,Yes,Yes,Yes,Yes,Yes,Non-Signatory,Signatory,,"$29,360 ","$29,360 ",,,,,,,Yes
154,Dina,Titus,NV-01,,0%,19%,15%,Not sponsoring,Not sponsoring,Not sponsoring,Not sponsoring,Not sponsoring,Not sponsoring,Signed,No,No,Not voting,No,Yes,Yes,Yes,Yes,Yes,Yes,Not voting,Yes,Yes,No,Yes,Yes,Not voting,Yes,Yes,Yes,Yes,No,Yes,No,Not voting,Yes,Yes,Yes,Yes,Yes,Yes,Yes,Yes,Yes,Yes,Not elected,Signatory,Signatory,,"$92,157 ","$55,855 ",,"$4,000.00 ","$32,302.00 ",,,Yes,Yes
155,Steven,Horsford,NV-04,,0%,18%,14%,Not sponsoring,Not sponsoring,Not sponsoring,Not sponsoring,Not sponsoring,Not sponsoring,Signed,No,No,Yes,No,Yes,Yes,Yes,Yes,Yes,Yes,Yes,Yes,Yes,No,Yes,Yes,Not voting,Yes,Yes,Yes,Yes,No,Yes,No,Yes,Yes,Yes,Yes,Yes,Yes,Yes,Yes,Yes,Yes,Not elected,Not elected,Non-Signatory,Non-Signatory,,"$20,991 ","$16,991 ",,"$4,000.00 ",,,,Yes,Yes
155,Lizzie,Fletcher,TX-07,,0%,18%,14%,Not sponsoring,Not sponsoring,Not sponsoring,Not sponsoring,Not sponsoring,Not sponsoring,Signed,No,Yes,No,No,Yes,Yes,Yes,Yes,Yes,Yes,Yes,Yes,Yes,No,Yes,Yes,Not voting,Yes,Yes,Yes,Yes,No,Yes,No,Yes,Yes,Yes,Yes,Yes,Yes,Yes,Yes,Yes,Yes,Not elected,Not elected,Non-Signatory,Signatory,,"$39,055 ","$35,055 ",,"$4,000.00 ",,,,Yes,Yes
155,Marc,Veasey,TX-33,,0%,18%,14%,Not sponsoring,Not sponsoring,Not sponsoring,Not sponsoring,Not sponsoring,Not sponsoring,Signed,No,Yes,Yes,No,Yes,Yes,Yes,Yes,Yes,Yes,Yes,Yes,Yes,No,Yes,No,Yes,Yes,Yes,Not voting,Yes,No,Yes,No,Yes,Yes,Not voting,Yes,Yes,Yes,Yes,Yes,Yes,Yes,Yes,Not elected,Signatory,Non-Signatory,,"$33,850 ","$33,850 ",,,,,,,Yes
158,Joseph,Morelle,NY-25,,0%,18%,13%,Not sponsoring,Not sponsoring,Not sponsoring,Not sponsoring,Not sponsoring,Not sponsoring,Signed,No,Yes,No,No,Yes,Yes,Yes,Yes,Yes,Yes,Yes,Yes,Yes,No,Yes,Yes,Yes,Yes,Yes,Yes,Yes,No,Yes,No,Yes,Yes,Yes,Yes,Yes,Yes,Yes,Yes,Yes,Yes,Not elected,Not elected,Non-Signatory,Non-Signatory,,"$48,901 ","$46,901 ",,"$2,000.00 ",,,,Yes,Yes
158,Brendan,Boyle,PA-02,,0%,18%,13%,Not sponsoring,Not sponsoring,Not sponsoring,Not sponsoring,Not sponsoring,Not sponsoring,Signed,No,Yes,Yes,No,Yes,Yes,Yes,Yes,Yes,Yes,Yes,Yes,Yes,No,Yes,No,Yes,Not voting,Yes,Yes,Yes,No,Yes,No,Yes,Yes,Yes,Yes,Yes,Yes,Yes,Yes,Yes,Yes,Yes,Not elected,Signatory,Non-Signatory,,"$107,339 ","$105,339 ",,"$2,000.00 ",,,,Yes,Yes
158,Colin,Allred,TX-32,,0%,18%,13%,Not sponsoring,Not sponsoring,Not sponsoring,Not sponsoring,Not sponsoring,Not sponsoring,Signed,No,Yes,No,No,Yes,Yes,Yes,Yes,Yes,Yes,Yes,Yes,Yes,No,Yes,Yes,Yes,Yes,Yes,Yes,Yes,No,Yes,No,Yes,Yes,Yes,Yes,Yes,Yes,Yes,Yes,Yes,Yes,Not elected,Not elected,Non-Signatory,Non-Signatory,,"$50,091 ","$46,091 ",,"$4,000.00 ",,,Yes,Yes,Yes
161,Eric,Sorensen,IL-17,,0%,17%,13%,Not sponsoring,Not sponsoring,Not sponsoring,Not sponsoring,Not sponsoring,Not sponsoring,Signed,No,Not voting,No,No,Yes,Yes,Yes,Yes,Yes,Yes,Yes,Yes,Yes,Yes,Yes,Yes,Yes,Yes,Yes,Yes,Yes,No,Yes,No,Yes,Yes,Yes,Yes,Yes,Yes,Not elected,Not elected,Not elected,Not elected,Not elected,Not elected,Signatory,Signatory,,"$2,000 ",,,"$2,000.00 ",,,Yes,Yes,
162,Jimmy,Panetta,CA-19,,0%,17%,13%,Not sponsoring,Not sponsoring,Not sponsoring,Not sponsoring,Not sponsoring,Not sponsoring,Signed,No,Yes,Yes,No,Yes,Yes,Yes,Yes,Yes,Yes,Yes,Yes,Yes,No,Yes,No,Yes,Yes,Yes,Yes,Yes,No,Yes,No,Yes,Yes,Yes,Yes,Yes,Yes,Yes,Yes,Yes,Yes,Yes,Not elected,Signatory,Signatory,,"$95,600 ","$95,600 ",,,,,,,Yes
163,Steny,Hoyer,MD-05,,0%,17%,13%,Not sponsoring,Not sponsoring,Not sponsoring,Not sponsoring,Not sponsoring,Not sponsoring,Signed,No,Yes,No,No,Yes,Yes,Yes,Yes,Yes,Yes,Yes,Yes,Yes,No,Yes,Yes,Yes,Yes,Yes,Yes,Yes,No,Yes,No,Yes,Yes,Yes,Yes,Yes,Yes,Yes,Yes,Yes,Yes,Yes,Yes,Signatory,Signatory,,"$200,095 ","$198,095 ",,"$2,000.00 ",,,,Yes,Yes
163,Steve,Cohen,TN-09,,0%,17%,13%,Not sponsoring,Not sponsoring,Not sponsoring,Not sponsoring,Not sponsoring,Not sponsoring,Signed,No,Yes,No,No,Yes,Yes,Yes,Yes,Yes,Yes,Yes,Yes,Yes,No,Yes,Yes,Yes,Yes,Yes,Yes,Yes,Yes,Yes,No,Yes,Yes,Yes,Yes,Yes,Yes,Yes,Yes,Yes,Yes,No,Yes,Signatory,Non-Signatory,,$0 ,,,,,,Yes,,
165,Abigail,Spanberger,VA-07,,0%,16%,12%,Not sponsoring,Not sponsoring,Not sponsoring,Not sponsoring,Not sponsoring,Not sponsoring,Signed,No,Yes,No,No,Yes,Yes,Yes,Yes,Yes,Yes,Yes,Yes,Yes,No,Yes,Yes,Yes,Yes,Yes,Yes,Yes,Present,Yes,No,Yes,Yes,Yes,Yes,Yes,Yes,Yes,Yes,Yes,Yes,Not elected,Not elected,Non-Signatory,Signatory,,"$108,964 ","$101,964 ",,"$7,000.00 ",,,Yes,Yes,Yes
166,Ted,Lieu,CA-36,,0%,16%,12%,Not sponsoring,Not sponsoring,Not sponsoring,Not sponsoring,Not sponsoring,Not sponsoring,Signed,No,Yes,No,No,Yes,Yes,Yes,Yes,Yes,Yes,Yes,Yes,Yes,Yes,Yes,Yes,Yes,Present,Yes,Yes,Yes,No,Yes,No,Yes,Yes,Yes,Yes,Yes,Yes,Yes,Yes,Yes,Yes,Yes,Not elected,Non-Signatory,Signatory,,"$149,860 ","$145,860 ",,"$4,000.00 ",,,,Yes,Yes
167,Frank,Mrvan,IN-01,,0%,16%,12%,Not sponsoring,Not sponsoring,Not sponsoring,Not sponsoring,Not sponsoring,Not sponsoring,Signed,No,Yes,No,No,Yes,Yes,Yes,Yes,Yes,Yes,Yes,Yes,Yes,Yes,Yes,Yes,Yes,Yes,Yes,Yes,Yes,No,Yes,No,Yes,Yes,Yes,Yes,Yes,Yes,Yes,Yes,Not elected,Not elected,Not elected,Not elected,Signatory,Signatory,,"$39,139 ","$39,139 ",,,,,,,Yes
168,Pat,Ryan,NY-18,,0%,15%,11%,Not sponsoring,Not sponsoring,Not sponsoring,Not sponsoring,Not sponsoring,Not sponsoring,Signed,No,Yes,Yes,No,Yes,Yes,Yes,Yes,Yes,Yes,Yes,Yes,Yes,No,Yes,Yes,Yes,Present,Yes,Yes,Yes,Yes,Yes,No,Yes,Yes,Yes,Yes,Yes,Yes,Not elected,Not elected,Not elected,Not elected,Not elected,Not elected,Signatory,Signatory,,"$45,825 ","$45,825 ",,,,,,,
169,Mike,Levin,CA-49,,0%,15%,11%,Not sponsoring,Not sponsoring,Not sponsoring,Not sponsoring,Not sponsoring,Not sponsoring,Signed,No,Yes,Yes,No,Yes,Yes,No,Yes,Yes,Yes,Yes,Yes,Yes,Yes,Yes,Yes,Yes,Yes,Yes,Yes,Yes,No,Yes,No,Yes,Yes,Yes,Yes,Yes,Yes,Yes,Yes,Yes,Yes,Not elected,Not elected,Signatory,Signatory,,"$26,741 ","$24,741 ",,"$2,000.00 ",,,Yes,Yes,Yes
169,Elissa,Slotkin,MI-07,,0%,15%,11%,Not sponsoring,Not sponsoring,Not sponsoring,Not sponsoring,Not sponsoring,Not sponsoring,Signed,No,Yes,Yes,No,Yes,Yes,Yes,Yes,Yes,Yes,Yes,Yes,Yes,No,Yes,Yes,Yes,Yes,Yes,Yes,Yes,No,Yes,No,Yes,Yes,Yes,Yes,Yes,Yes,Yes,Yes,Yes,Yes,Not elected,Not elected,Non-Signatory,Non-Signatory,,"$24,706 ","$20,706 ",,"$4,000.00 ",,,,Yes,Yes
171,Adam,Schiff,CA-30,,0%,14%,11%,Not sponsoring,Not sponsoring,Not sponsoring,Not sponsoring,Not sponsoring,Not sponsoring,Signed,No,Yes,No,No,Yes,Yes,Yes,Yes,Yes,Yes,Yes,Yes,Yes,Yes,Yes,Yes,Yes,Yes,Yes,Yes,Yes,No,Yes,No,Not voting,Yes,Yes,Yes,Yes,Yes,Yes,Yes,Yes,Yes,Yes,Yes,Signatory,Signatory,,"$56,800 ","$54,800 ",,"$2,000.00 ",,,Yes,Yes,Yes
171,Norma,Torres,CA-35,,0%,14%,11%,Not sponsoring,Not sponsoring,Not sponsoring,Not sponsoring,Not sponsoring,Not sponsoring,Signed,No,Yes,No,No,Yes,Yes,Yes,Yes,Yes,Yes,Yes,Yes,Yes,Yes,Yes,Yes,Yes,Yes,Yes,Yes,Yes,No,Yes,No,Yes,Yes,Yes,Yes,Yes,Yes,Yes,Yes,Yes,Yes,Yes,Not elected,Signatory,Signatory,,"$70,693 ","$70,693 ",,,,,,,Yes
171,Dean,Phillips,MN-03,YES - not on reso,0%,14%,11%,Not sponsoring,Not sponsoring,Not sponsoring,Not sponsoring,Not sponsoring,Not sponsoring,Signed,No,Not voting,Yes,No,Yes,Yes,Yes,Not voting,Yes,Yes,Yes,Yes,Not voting,No,Not voting,Yes,Not voting,Not voting,Not voting,Not voting,Not voting,Not voting,Not voting,Not voting,Not voting,Yes,Yes,Yes,Yes,Yes,Yes,Yes,Yes,Yes,Not elected,Not elected,Non-Signatory,Non-Signatory,,"$86,024 ","$86,024 ",,,,,,Yes,Yes
174,Brad,Sherman,CA-32,,0%,14%,10%,Not sponsoring,Not sponsoring,Not sponsoring,Not sponsoring,Not sponsoring,Not sponsoring,Signed,No,Yes,No,No,Yes,Yes,Yes,Yes,Yes,Yes,Yes,Yes,Yes,Yes,Yes,Yes,Yes,Yes,Yes,Yes,Yes,No,Yes,No,Yes,Yes,Yes,Yes,Yes,Yes,Yes,Yes,Yes,Yes,Yes,Yes,Signatory,Signatory,,"$27,100 ","$25,100 ",,"$2,000.00 ",,,,Yes,Yes
175,Frederica,Wilson,FL-24,,0%,14%,10%,Not sponsoring,Not sponsoring,Not sponsoring,Not sponsoring,Not sponsoring,Not sponsoring,Signed,No,No,Not voting,Not voting,Yes,Yes,Yes,Yes,Not voting,Not voting,Not voting,Not voting,Yes,Yes,Yes,No,Yes,Yes,Yes,Yes,Yes,Yes,Yes,Yes,No,Yes,Yes,Yes,Yes,Yes,Yes,Yes,Yes,Not voting,Yes,Yes,Signatory,Signatory,,"$11,650 ","$11,650 ",,,,,,,Yes
176,Lucy,McBath,GA-07,,0%,14%,10%,Not sponsoring,Not sponsoring,Not sponsoring,Not sponsoring,Not sponsoring,Not sponsoring,Signed,No,Yes,Yes,No,Yes,Yes,Yes,Yes,Yes,Yes,Yes,Yes,Yes,Yes,Yes,Yes,Yes,Present,Yes,Yes,Yes,No,Yes,No,Yes,Yes,Yes,Not voting,Yes,Yes,Yes,Yes,Yes,Yes,Not elected,Not elected,Non-Signatory,Signatory,,"$75,718 ","$71,718 ",,"$4,000.00 ",,,,Yes,Yes
177,Shri,Thanedar,MI-13,,0%,13%,10%,Not sponsoring,Not sponsoring,Not sponsoring,Not sponsoring,Not sponsoring,Not sponsoring,Signed,No,Yes,Yes,No,Yes,Yes,Yes,Yes,Yes,Yes,Yes,Yes,Yes,Yes,Yes,Yes,Yes,Yes,Yes,Yes,Yes,No,Yes,No,Yes,Yes,Yes,Yes,Yes,Yes,Not elected,Not elected,Not elected,Not elected,Not elected,Not elected,Signatory,Signatory,,"($4,329,831)","($159,300)","($4,168,531)","($2,000.00)",,,,,
178,David,Trone,MD-06,YES - not on reso,0%,13%,10%,Not sponsoring,Not sponsoring,Not sponsoring,Not sponsoring,Not sponsoring,Not sponsoring,Signed,No,Yes,Not voting,Not voting,Not voting,Yes,Yes,Yes,Yes,Yes,Yes,Yes,Yes,No,Yes,Yes,Yes,Yes,Yes,Yes,Yes,No,Yes,No,Yes,Yes,Yes,Yes,Yes,Yes,Yes,Yes,Yes,Yes,Not elected,Not elected,Signatory,Signatory,,"$172,628 ","$172,628 ",,,,,,Yes,Yes
179,Ruben,Gallego,AZ-03,,0%,13%,9%,Not sponsoring,Not sponsoring,Not sponsoring,Not sponsoring,Not sponsoring,Not sponsoring,Signed,No,Yes,Yes,No,Not voting,Yes,Yes,Yes,Yes,Yes,Yes,Yes,Yes,Yes,Yes,Yes,Yes,Yes,Yes,Yes,Yes,No,Yes,No,Yes,Yes,Yes,Not voting,Yes,Yes,Yes,Yes,Yes,Yes,Not voting,Not elected,Non-Signatory,Signatory,,"$31,150 ","$29,150 ",,"$2,000.00 ",,,,Yes,Yes
180,Jim,Costa,CA-21,,0%,12%,9%,Not sponsoring,Not sponsoring,Not sponsoring,Not sponsoring,Not sponsoring,Not sponsoring,Signed,No,Yes,No,No,Yes,Yes,Yes,Yes,Yes,Yes,Not voting,Yes,Yes,Yes,Yes,Yes,Yes,Yes,Not voting,Yes,Yes,Yes,Yes,No,Not voting,Yes,Yes,Yes,Yes,Yes,Yes,Yes,Yes,Yes,Yes,Yes,Signatory,Signatory,,"$95,800 ","$95,800 ",,,,,,,Yes
181,Greg,Stanton,AZ-04,,0%,12%,9%,Not sponsoring,Not sponsoring,Not sponsoring,Not sponsoring,Not sponsoring,Not sponsoring,Signed,No,Yes,Yes,No,Yes,Yes,Yes,Yes,Yes,Yes,Yes,Yes,Yes,Yes,Yes,Yes,Yes,Yes,Yes,Yes,Yes,No,Yes,No,Yes,Yes,Yes,Yes,Yes,Yes,Yes,Yes,Yes,Yes,Not elected,Not elected,Signatory,Non-Signatory,,"$51,625 ","$51,625 ",,,,,,,Yes
181,Haley,Stevens,MI-11,,0%,12%,9%,Not sponsoring,Not sponsoring,Not sponsoring,Not sponsoring,Not sponsoring,Not sponsoring,Signed,No,Yes,No,No,Yes,Yes,Yes,Yes,Yes,Yes,Yes,Yes,Yes,Yes,Yes,Yes,Yes,Yes,Yes,Yes,Yes,No,Yes,Yes,Yes,Yes,Yes,Yes,Yes,Yes,Yes,Yes,Yes,Yes,Not elected,Not elected,Signatory,Signatory,,"$4,932,335 ","$704,992 ","$4,219,823 ","$4,000.00 ","$3,520.00 ",,,Yes,Yes
181,Matt,Cartwright,PA-08,,0%,12%,9%,Not sponsoring,Not sponsoring,Not sponsoring,Not sponsoring,Not sponsoring,Not sponsoring,Signed,No,No,Yes,Yes,Yes,Yes,Yes,Yes,Yes,Yes,Yes,Yes,Yes,Yes,Yes,Yes,Yes,Yes,Yes,Yes,Yes,No,Yes,No,Yes,Yes,Yes,Yes,Yes,Yes,Yes,Yes,Not voting,Yes,Yes,Not elected,Non-Signatory,Non-Signatory,,"$39,272 ","$37,272 ",,"$2,000.00 ",,,Yes,,Yes
181,Kim,Schrier,WA-08,,0%,12%,9%,Not sponsoring,Not sponsoring,Not sponsoring,Not sponsoring,Not sponsoring,Not sponsoring,Signed,No,Yes,Yes,No,Yes,Yes,Yes,Yes,Yes,Yes,Yes,Yes,Yes,No,Yes,Yes,Yes,Yes,Yes,Yes,Yes,Yes,Yes,No,Yes,Yes,Yes,Yes,Yes,Yes,Yes,Yes,Yes,Yes,Not elected,Not elected,Signatory,Non-Signatory,,"$52,844 ","$48,844 ",,"$4,000.00 ",,,Yes,Yes,Yes
185,Daniel,Goldman,NY-10,OPPOSES,0%,12%,9%,Not sponsoring,Not sponsoring,Not sponsoring,Not sponsoring,Not sponsoring,Not sponsoring,Signed,No,Yes,Yes,No,Yes,Yes,Yes,Yes,Yes,Yes,Yes,Yes,Yes,Yes,Yes,Yes,Yes,Present,Yes,Yes,Yes,Yes,Yes,No,Yes,Yes,Yes,Yes,Yes,Yes,Not elected,Not elected,Not elected,Not elected,Not elected,Not elected,Signatory,Signatory,,"$400,000 ",,"$400,000 ",,,,,,Yes
186,Mary,Peltola,AK-AL,,0%,11%,8%,Not sponsoring,Not sponsoring,Not sponsoring,Not sponsoring,Not sponsoring,Not sponsoring,Signed,Not voting,No,Yes,Yes,Yes,Yes,Yes,Yes,Yes,Yes,Yes,Yes,Yes,Yes,Yes,Yes,Yes,Yes,Yes,Yes,Yes,No,Yes,No,Yes,Yes,Not voting,Yes,Yes,Yes,Not elected,Not elected,Not elected,Not elected,Not elected,Not elected,Non-Signatory,Non-Signatory,,$0 ,,,,,,,,
187,Grace,Meng,NY-06,,0%,10%,8%,Not sponsoring,Not sponsoring,Not sponsoring,Not sponsoring,Not sponsoring,Not sponsoring,Signed,Yes,Yes,Yes,No,Yes,Yes,Yes,Yes,Yes,Yes,Not voting,Yes,Yes,Yes,Yes,Yes,Yes,Present,Yes,Yes,Yes,No,Yes,No,Yes,Yes,Yes,Yes,Yes,Yes,Yes,Yes,Yes,Yes,Yes,Not elected,Signatory,Non-Signatory,,"$166,100 ","$162,100 ",,"$4,000.00 ",,,,Yes,Yes
188,Kathy,Manning,NC-06,,0%,9%,7%,Not sponsoring,Not sponsoring,Not sponsoring,Not sponsoring,Not sponsoring,Not sponsoring,Signed,No,Yes,Yes,No,Yes,Yes,Yes,Yes,Yes,Yes,Yes,Yes,Yes,Yes,Yes,Yes,Yes,Yes,Yes,Yes,Yes,Yes,Yes,No,Yes,Yes,Yes,Yes,Yes,Yes,Yes,Yes,Not elected,Not elected,Not elected,Not elected,Signatory,Signatory,,"$396,690 ","$391,690 ",,"$5,000.00 ",,,,Yes,Yes
189,Brad,Schneider,IL-10,,0%,9%,7%,Not sponsoring,Not sponsoring,Not sponsoring,Not sponsoring,Not sponsoring,Not sponsoring,Signed,No,Yes,Yes,No,Yes,Yes,Yes,Yes,Yes,Yes,Yes,Yes,Yes,Yes,Yes,Not voting,Yes,Yes,Yes,Yes,Yes,Yes,Yes,No,Yes,Yes,Yes,Yes,Yes,Yes,Yes,Yes,Yes,Yes,Yes,Not elected,Signatory,Signatory,,"$179,011 ","$175,011 ",,"$4,000.00 ",,,,Yes,Yes
190,Juan,Vargas,CA-52,,0%,9%,6%,Not sponsoring,Not sponsoring,Not sponsoring,Not sponsoring,Not sponsoring,Not sponsoring,Signed,Yes,Yes,Yes,No,Yes,Yes,Yes,Yes,Yes,Yes,Yes,Yes,Yes,Yes,Yes,No,Yes,Yes,Yes,Yes,Yes,No,Yes,Yes,Yes,Yes,Yes,Yes,Yes,Yes,Yes,Yes,Yes,Yes,Yes,Not elected,Signatory,Signatory,,"$181,200 ","$175,200 ",,"$6,000.00 ",,,,Yes,Yes
191,Wiley,Nickel,NC-13,,0%,7%,5%,Not sponsoring,Not sponsoring,Not sponsoring,Not sponsoring,Not sponsoring,Not sponsoring,Signed,Not voting,Yes,Yes,No,Not voting,Yes,Yes,Yes,Yes,Yes,Yes,Yes,Yes,Yes,Yes,Yes,Yes,Yes,Yes,Yes,Yes,Yes,Yes,No,Yes,Yes,Yes,Yes,Yes,Yes,Not elected,Not elected,Not elected,Not elected,Not elected,Not elected,Signatory,Signatory,,"$9,250 ","$7,250 ",,"$2,000.00 ",,,,Yes,
192,Susie,Lee,NV-03,,0%,6%,5%,Not sponsoring,Not sponsoring,Not sponsoring,Not sponsoring,Not sponsoring,Not sponsoring,Signed,Yes,Yes,Yes,No,Yes,Yes,Not voting,Not voting,Yes,Yes,Yes,Yes,Yes,Yes,Yes,Yes,Yes,Yes,Yes,Not voting,Yes,Yes,Yes,No,Yes,Yes,Yes,Yes,Yes,Yes,Yes,Yes,Yes,Yes,Not elected,Not elected,Signatory,Signatory,,"$66,354 ","$62,354 ",,"$4,000.00 ",,,,Yes,Yes
193,Vicente,Gonzalez,TX-34,,0%,6%,5%,Not sponsoring,Not sponsoring,Not sponsoring,Not sponsoring,Not sponsoring,Not sponsoring,Signed,Yes,Yes,Yes,Not voting,Yes,Yes,Yes,Yes,Yes,Yes,Yes,Yes,Yes,Yes,Yes,Yes,Yes,Yes,Yes,Yes,Yes,No,Yes,No,Yes,Not voting,Yes,Yes,Yes,Yes,Yes,Yes,Yes,Not voting,Yes,Not elected,Signatory,Signatory,,"$68,757 ","$68,757 ",,,,,,,Yes
194,Chris,Pappas,NH-01,,0%,6%,4%,Not sponsoring,Not sponsoring,Not sponsoring,Not sponsoring,Not sponsoring,Not sponsoring,Signed,Yes,Yes,Yes,No,Yes,Yes,Yes,Yes,Yes,Yes,Yes,Yes,Yes,Yes,Yes,Yes,Yes,Yes,Yes,Yes,Yes,Yes,Yes,No,Yes,Yes,Yes,Yes,Yes,Yes,Yes,Yes,Yes,Yes,Not elected,Not elected,Signatory,Signatory,,"$146,027 ","$144,027 ",,"$2,000.00 ",,,,Yes,Yes
194,Thomas,Suozzi,NY-03,,0%,6%,4%,Not sponsoring,Not sponsoring,Not sponsoring,Not sponsoring,Not sponsoring,Not sponsoring,Signed,No,Yes,Yes,Yes,Yes,Yes,Yes,Yes,Yes,Yes,Yes,Yes,Not elected,Not elected,Not elected,Not elected,Not elected,Not elected,Not elected,Not elected,Not elected,Not elected,Not elected,Not elected,Not elected,Not elected,Not elected,Not elected,Not elected,Not elected,Yes,Yes,Yes,Yes,Yes,Not elected,Not elected,Not elected,,Not elected,Not elected,Not elected,Not elected,Not elected,Not elected,Not elected,Not elected,Not elected
196,Debbie,Wasserman Schultz,FL-25,OPPOSES,0%,6%,4%,Not sponsoring,Not sponsoring,Not sponsoring,Not sponsoring,Not sponsoring,Not sponsoring,Signed,No,Yes,Yes,No,Yes,Yes,Yes,Yes,Yes,Yes,Yes,Yes,Yes,Yes,Yes,Yes,Yes,Yes,Yes,Yes,Yes,Yes,Yes,Yes,Yes,Yes,Yes,Yes,Yes,Yes,Yes,Yes,Yes,Yes,Yes,Yes,Signatory,Signatory,,"$174,840 ","$170,825 ",,"$4,015.00 ",,,,Yes,Yes
196,David,Scott,GA-13,,0%,6%,4%,Not sponsoring,Not sponsoring,Not sponsoring,Not sponsoring,Not sponsoring,Not sponsoring,Signed,Yes,Yes,Yes,Yes,Yes,Yes,Yes,Yes,Yes,Yes,Yes,Yes,Yes,Yes,Yes,Yes,Yes,Yes,Yes,Yes,Yes,No,Yes,No,Yes,Yes,Yes,Yes,Yes,Yes,Yes,Yes,Yes,Yes,Yes,Yes,Signatory,Non-Signatory,,"$52,700 ","$50,700 ",,"$2,000.00 ",,,,Yes,Yes
196,Frank,Pallone,NJ-06,,0%,6%,4%,Not sponsoring,Not sponsoring,Not sponsoring,Not sponsoring,Not sponsoring,Not sponsoring,Signed,Yes,Yes,Yes,Yes,Yes,Yes,Yes,Yes,Yes,Yes,Yes,Yes,Yes,Yes,Yes,Yes,Yes,Yes,Yes,Yes,Yes,No,Yes,No,Yes,Yes,Yes,Yes,Yes,Yes,Yes,Yes,Yes,Yes,Yes,Yes,Non-Signatory,Signatory,,"$26,252 ","$26,252 ",,,,,,,Yes
196,Henry,Cuellar,TX-28,,0%,6%,4%,Not sponsoring,Not sponsoring,Not sponsoring,Not sponsoring,Not sponsoring,Not sponsoring,Signed,Yes,Yes,Yes,Yes,Yes,Yes,Yes,Yes,Yes,Yes,Yes,Yes,Yes,Yes,Yes,Yes,Yes,Yes,Yes,Yes,Yes,No,Yes,No,Yes,Yes,Yes,Yes,Yes,Yes,Yes,Yes,Yes,Yes,Yes,Yes,Non-Signatory,Signatory,,"$2,189,095 ","$337,481 ","$1,849,614 ","$2,000.00 ",,,,,Yes
200,Donald,Norcross,NJ-01,,0%,5%,3%,Not sponsoring,Not sponsoring,Not sponsoring,Not sponsoring,Not sponsoring,Not sponsoring,Signed,Yes,Yes,Yes,Not voting,Yes,Yes,Yes,Yes,Yes,Yes,Yes,Yes,Yes,Yes,Not voting,Yes,Yes,Yes,Yes,Yes,Yes,Present,Yes,No,Yes,Yes,Yes,Yes,Yes,Yes,Yes,Yes,Yes,Yes,Yes,Not elected,Signatory,Signatory,,"$75,472 ","$73,472 ",,"$2,000.00 ",,,,,Yes
201,Greg,Landsman,OH-01,,0%,3%,3%,Not sponsoring,Not sponsoring,Not sponsoring,Not sponsoring,Not sponsoring,Not sponsoring,Signed,No,Yes,Yes,Yes,Yes,Yes,Yes,Yes,Yes,Yes,Yes,Yes,Yes,Yes,Yes,Yes,Yes,Yes,Yes,Yes,Yes,Yes,Yes,Yes,Yes,Yes,Yes,Yes,Yes,Yes,Not elected,Not elected,Not elected,Not elected,Not elected,Not elected,Signatory,Signatory,,$0 ,,,,,,,Yes,
201,Marie Gluesenkamp,Perez ,WA-03,,0%,3%,3%,Not sponsoring,Not sponsoring,Not sponsoring,Not sponsoring,Not sponsoring,Not sponsoring,Signed,Yes,Yes,Yes,Yes,Yes,Yes,Yes,Yes,Yes,Yes,Yes,Yes,Yes,Yes,Yes,Yes,Yes,Yes,Yes,Yes,Yes,Yes,Yes,No,Yes,Yes,Yes,Yes,Yes,Yes,Not elected,Not elected,Not elected,Not elected,Not elected,Not elected,Non-Signatory,Signatory,,$0 ,,,,,,,,
203,Lois,Frankel,FL-22,,0%,3%,2%,Not sponsoring,Not sponsoring,Not sponsoring,Not sponsoring,Not sponsoring,Not sponsoring,Signed,No,Yes,Yes,Yes,Yes,Yes,Yes,Yes,Yes,Yes,Not voting,Not voting,Yes,Yes,Yes,Yes,Yes,Yes,Yes,Yes,Yes,Yes,Yes,Yes,Yes,Yes,Yes,Yes,Yes,Not voting,Yes,Yes,Yes,Yes,Yes,Not elected,Non-Signatory,Signatory,,"$95,945 ","$91,930 ",,"$4,015.00 ",,,,Yes,Yes
203,Ritchie,Torres,NY-15,OPPOSES,0%,3%,2%,Not sponsoring,Not sponsoring,Not sponsoring,Not sponsoring,Not sponsoring,Not sponsoring,Signed,Yes,Yes,Yes,Yes,Yes,Yes,Yes,Yes,Yes,Yes,Yes,Yes,Yes,Yes,Yes,Yes,Yes,Yes,Yes,Yes,Yes,Yes,Yes,No,Yes,Yes,Yes,Yes,Yes,Yes,Yes,Yes,Not elected,Not elected,Not elected,Not elected,Signatory,Signatory,,"$586,544 ","$521,593 ",,"$7,000.00 ","$57,951.00 ",,,Yes,Yes
205,Angie,Craig,MN-02,,0%,3%,2%,Not sponsoring,Not sponsoring,Not sponsoring,Not sponsoring,Not sponsoring,Not sponsoring,Signed,No,Yes,Yes,Yes,Yes,Yes,Yes,Yes,Yes,Yes,Yes,Yes,Yes,Yes,Yes,Yes,Not voting,Yes,Yes,Yes,Yes,Yes,Yes,Yes,Yes,Yes,Yes,Yes,Yes,Yes,Yes,Yes,Yes,Yes,Not elected,Not elected,Signatory,Signatory,,"$80,701 ","$76,701 ",,"$4,000.00 ",,,,Yes,Yes
206,Darren,Soto,FL-09,,0%,0%,0%,Not sponsoring,Not sponsoring,Not sponsoring,Not sponsoring,Not sponsoring,Not sponsoring,Signed,Yes,Yes,Yes,Yes,Yes,Yes,Yes,Yes,Yes,Yes,Yes,Yes,Yes,Yes,Yes,Yes,Yes,Yes,Yes,Yes,Yes,Yes,Yes,Yes,Yes,Yes,Yes,Yes,Yes,Yes,Yes,Yes,Yes,Yes,Yes,Not elected,Signatory,Signatory,,"$17,615 ","$17,600 ",,$15.00 ,,,,,Yes
206,Jared,Moskowitz,FL-23,OPPOSES,0%,0%,0%,Not sponsoring,Not sponsoring,Not sponsoring,Not sponsoring,Not sponsoring,Not sponsoring,Signed,Yes,Yes,Yes,Yes,Yes,Yes,Yes,Yes,Yes,Yes,Yes,Yes,Yes,Yes,Yes,Yes,Yes,Yes,Yes,Yes,Yes,Yes,Yes,Yes,Yes,Yes,Not voting,Yes,Yes,Yes,Not elected,Not elected,Not elected,Not elected,Not elected,Not elected,Non-Signatory,Signatory,,"$66,450 ","$64,450 ",,"$2,000.00 ",,,,Yes,
206,Jared,Golden,ME-02,,0%,0%,0%,Not sponsoring,Not sponsoring,Not sponsoring,Not sponsoring,Not sponsoring,Not sponsoring,Signed,Yes,Yes,Yes,Yes,Yes,Yes,Yes,Yes,Yes,Yes,Yes,Yes,Yes,Yes,Yes,Yes,Yes,Yes,Yes,Yes,Yes,Yes,Yes,Yes,Yes,Yes,Yes,Yes,Yes,Yes,Yes,Yes,Yes,Yes,Not elected,Not elected,Signatory,Signatory,,"$135,010 ","$130,010 ",,"$5,000.00 ",,,,Yes,Yes
206,Donald,Davis,NC-01,,0%,0%,0%,Not sponsoring,Not sponsoring,Not sponsoring,Not sponsoring,Not sponsoring,Not sponsoring,Signed,Yes,Yes,Yes,Yes,Yes,Yes,Yes,Yes,Yes,Yes,Yes,Yes,Yes,Yes,Yes,Yes,Yes,Yes,Yes,Yes,Yes,Yes,Yes,Yes,Yes,Yes,Yes,Not voting,Yes,Yes,Not elected,Not elected,Not elected,Not elected,Not elected,Not elected,Non-Signatory,Signatory,,"$2,736,225 ","$205,935 ","$2,438,050 ","$2,000.00 ","$90,240.00 ",,,Yes,Yes
206,Josh,Gottheimer,NJ-05,OPPOSES,0%,0%,0%,Not sponsoring,Not sponsoring,Not sponsoring,Not sponsoring,Not sponsoring,Not sponsoring,Signed,Yes,Yes,Yes,Yes,Yes,Yes,Yes,Yes,Yes,Yes,Yes,Yes,Yes,Yes,Yes,Yes,Yes,Yes,Yes,Yes,Not voting,Yes,Yes,Yes,Not voting,Yes,Yes,Yes,Not voting,Yes,Yes,Yes,Yes,Yes,Yes,Not elected,Signatory,Signatory,,"$411,180 ","$407,180 ",,"$4,000.00 ",,,,Yes,Yes
